id,name,capacity
00102, 망원역 1번출구 앞,15
00103, 망원역 2번출구 앞,14
00104, 합정역 1번출구 앞,13
00105, 합정역 5번출구 앞,5
00106, 합정역 7번출구 앞,12
00107, 신한은행 서교동지점,5
00108, 서교동 사거리,10
00111, 상수역 2번출구 앞,10
00113, 홍대입구역 2번출구 앞,25
00114, 홍대입구역 8번출구 앞,15
00115, 마스타 빌딩 앞,15
00117, 홍은사거리,23
00118, 광흥창역 2번출구 앞,9
00119, 서강나루 공원,10
00120, 신수동 사거리,5
00121, 마포소방서 앞,15
00122, 신성기사식당 앞,10
00123, 문화촌 공원,20
00124, 서강대 정문 건너편,35
00126, 서강대 후문 옆,20
00127, 현대벤처빌 앞,9
00128, 신촌역(2호선) 1번출구 옆,20
00129, 신촌역(2호선) 6번출구 옆,10
00130, 신촌역(2호선) 7번출구 앞,10
00131, 증산2교,20
00133, 해담는다리,15
00134, 연세로 명물길,8
00135, 명물길 원형무대 앞,10
00137, 신촌기차역입구 교차로,10
00138, 신촌동 제1공영주차장 앞,10
00139, 연세대 정문 건너편,10
00140, 이화여대 후문,22
00141, 연대 대운동장 옆,10
00142, 아현역 4번출구 앞,11
00143, 공덕역 2번출구,9
00145, 공덕역 5번출구,9
00146, 마포역 2번출구 뒤,12
00147, 마포역 4번출구 뒤,7
00148, 용강동 주민센터 앞,11
00150, 서강대역 2번출구 앞,15
00153, 성산2교 사거리,10
00154, 마포구청역,13
00155, 가좌역1 번출구 앞,15
00156, 서울서부지방법원 앞,10
00157, 애오개역 4번출구 앞,12
00159, 이대역 4번 출구,5
00160,북아현동 가구거리,13
00161, 무악재역1번 출구,8
00162, 봉원고가차도 밑,15
00163, 명지전문대학교 정문 앞,6
00164, 북가좌1동 주민센터,10
00165, 중앙근린공원,20
00166, 가재울 초등학교,20
00167, 연가초등학교 옆,15
00169, 북가좌 삼거리,10
00170, DMC파크뷰자이아파트 302동 앞,10
00171, 임광빌딩 앞,10
00173, 서대문역 8번출구 앞,8
00175, 홍연2교옆,20
00176, 명지대학교 도서관,10
00177, 북가좌 초등학교,8
00178, 증산3교 앞,10
00179, 가좌역 4번출구 앞,14
00180, 충정로역 7번출구 아래,10
00181, 망원초록길 입구,15
00182, 망원2빗물펌프장 앞,9
00183, 하늘채코오롱아파트 건너편,15
00184, 7번가피자 서교망원점,9
00185, 마포 신수공원 앞,15
00186, 월드컵공원,40
00188, 홍은동 정원여중 입구,9
00191, 서우빌딩,10
00192, 연서어린이공원,10
00194, 증산교 앞,10
00195, 모래내고가차도,10
00196, 연희교차로 인근,10
00198, 충정2교,15
00199, 서울 월드컵 경기장,30
00200, 국회의원회관,18
00201, 진미파라곤 앞,15
00202, 국민일보 앞,30
00203, 국회의사당역 3번출구 옆,15
00204, 국회의사당역 5번출구 옆,13
00205, 산업은행 앞,20
00206, KBS 앞,35
00207, 여의나루역 1번출구 앞,46
00209, 유진투자증권빌딩 앞,12
00211, 여의도역 4번출구 옆,13
00212, 여의도역 1번출구 옆,10
00213, KT앞,19
00214, 금융감독원 앞,21
00215, 여의도고교 앞,10
00217, NH농협은행 앞,15
00219, 롯데캐슬엠파이어 옆,12
00220, 미성아파트 A동 앞,30
00221, 여의도초교 앞,10
00222, 시범아파트버스정류장 옆,12
00223, 진주아파트상가 앞,20
00224, 롯데캐슬 앞,20
00225, 앙카라공원 앞,26
00226, 샛강역 1번출구 앞,19
00227, 양평2나들목 보행통로 입구,20
00228, 선유도역 3번출구 앞,10
00229, 양평1 보행육교 앞,25
00230, 영등포구청역 1번출구,13
00231, 남부고용노동지청 남측,10
00232, 양평우림 이비즈센타 앞,20
00233, 양평1동 YP센터 앞,10
00235, 신길동 우리은행 옆,10
00236, 문래동자이아파트 앞,10
00237, 보라매 두산위브 건너편,20
00238, 제2구민체육센타 앞,10
00239, 유스호스텔 앞,20
00240, 문래역 4번출구 앞,10
00241, 신길우성1차아파트 앞 공원,10
00242, 신길선원가와인아파트 앞,15
00243, 이앤씨드림타워 앞,15
00244, 영등포삼환아파트 앞,20
00245, 삼성생명 당산사옥 앞,14
00247, 당산역 10번출구 앞,14
00248, 초원아파트 앞,10
00249, 여의도중학교 옆,16
00250, 대림아파트 사거리,10
00251, 서울지방병무청 버스정류장,10
00252, 보라매역4번출구,10
00253, 신풍역 5번출구 인근,10
00254, 도림신협 앞,10
00255, 도림사거리,15
00256, 동아에코빌입구,10
00258, 신길역3번출구,14
00259, 대방역6번출구,17
00260, 여의도 마리나선착장 앞,15
00263, 근로자회관 사거리,12
00264, 교보생명보험 앞,15
00265, 영등포유통상가 사거리,11
00266, 영등포청과시장 사거리,10
00267, 삼성화재 사옥 옆,10
00268, 그랜드컨벤션센터 앞,6
00270, 증권거래소후문교차로,10
00271, 샛강생태공원방문자센터 앞,10
00272, 당산육갑문,20
00275, 신동아아파트,10
00276, 영등포로터리2,10
00278, 쌍용플레티넘오피스텔,10
00279,영등포 푸르지오 아파트 B,15
00280, 양평동6차현대아파트 앞,10
00281,대림신동아아파트 앞,8
00282, 신한은행 대림동지점,10
00283, 아크로타워 스퀘어(영등포시장),15
00284, 센트럴 푸르지오 시티 앞,16
00285,콤텍시스템 앞,14
00286, 우성아파트 교차로,12
00287, 영등포전화국사거리 (서강어린이공원),10
00288, 쌍용예가(구청별관),10
00289, 대림3동사거리,10
00290,새말소공원,12
00291, 문래동 하이테크 시티,14
00292, 영일 어린이공원,10
00293, 충북 미래관,15
00295,영등포공원 분수대 앞,10
00296,KT플라자 영등포점,20
00297,국회3문,10
00298,KBS 연구동 건너편,25
00299,여의도 순복음교회,10
00300, 정동사거리,6
00301, 경복궁역 7번출구 앞,20
00302, 경복궁역 4번출구 뒤,12
00303, 광화문역 1번출구 앞,8
00305, 종로구청 옆,16
00307, 서울역사박물관 앞,11
00308, 광화문 S타워 앞,31
00309, 광화문역 6번출구 옆 B,13
00310, 청계광장 옆,8
00314, 국립현대미술관,10
00316, 종각역 1번출구 앞,8
00318, 광교사거리 남측,10
00320, 을지로입구역 4번출구 앞,17
00321, KEB 하나금융그룹 명동사옥 옆,15
00322, 명동성당 앞,10
00324, 신세계백화점 본점 앞,8
00326, 안국역 5번출구 앞,15
00327, 낙원상가 옆,10
00328, 탑골공원 앞,11
00329, 청계2가 사거리 옆,8
00331, 을지로2가 사거리 북측,10
00332, 을지로2가 사거리 남측,5
00334, 종로3가역 2번출구 뒤,10
00335, 종로3가역 15번출구 앞,10
00336, 충무로역 6번출구 앞,8
00337, 창경궁 입구,5
00338,세운스퀘어 앞,18
00339, 종로4가 사거리,10
00340, 혜화동 로터리,8
00341, 혜화역 3번출구 뒤,8
00342, 대학로 마로니에공원,22
00343,힐스테이트창경궁 아파트 앞,6
00344, 성균관대 E하우스 앞,10
00345, 서울보증보험본사 앞,18
00346, 맥스타일 앞,10
00347, 동대문역사문화공원역 9번출구 앞,18
00348, 독립문역 사거리,14
00349,어린이도서관,5
00351, 청운초교 앞 삼거리,5
00352, 중앙고입구 삼거리,10
00353, 재동초교 앞 삼거리,8
00354, 포르투갈 대사관 앞,10
00355,서울사대부설초등학교 앞,15
00356, KT혜화지사 앞,15
00358,성균관대입구 사거리 A,13
00359, 원남동사거리,8
00361, 동묘앞역 1번출구 뒤,10
00362, 청계8가 사거리 A,10
00363, 신설동역 11번출구 뒤,13
00364, 창신역 1번출구 앞,8
00367, 독립문역 3-1번출구,13
00368, SK 서린빌딩 앞,15
00370, 시청역(2호선) 9번출구 뒤,24
00371, 동대입구역 6번출구 뒤,10
00372, 약수역 3번출구 뒤,10
00374, 청구역 2번출구 앞,12
00379, 서울역9번출구,7
00380, CJ제일제당 앞,8
00381, 장충체육관,15
00382, 약수역 10번출구 앞,7
00383, 신당역 12번 출구 뒤,22
00384, 종로학원본원,10
00385, 종각역 5번출구,10
00387, 훈련원공원주차장 앞,10
00388, 동성중학교 앞,10
00389, 을지로4가역 1번출구,10
00390, 충무로역 1번출구,12
00391, 시립미술관,8
00393, 동대문역 8번 출구,12
00394, 경희궁 자이 3단지,15
00395, 경희궁 자이 2단지,8
00397, 종묘공영주차장 건너편,13
00398, 을지로3가역 3번출구,8
00399, 서울역 센트럴 자이아파트,15
00400, 상암한화오벨리스크 1차 앞,14
00401, 상암월드컵파크 10단지 앞,13
00402, 상암월드컵파크 9단지 앞,20
00403, 부엉이공원 앞,20
00405, DMC빌 앞,8
00406, 상암월드컵파크 7단지 앞,15
00407, 마포구 육아종합지원센터,8
00408, LG CNS앞,14
00409, 누리꿈스퀘어 옆,30
00410, 상암중학교 옆,10
00411, DMC홍보관,10
00412, DMC산학협력연구센터 앞,21
00413, 상암월드컵파크 3단지 후문,10
00414, 상암동주민센터 옆,8
00415, DMC역 9번출구 앞,10
00416, 상암월드컵파크 1단지 교차로,12
00417, DMC역 2번출구 옆,20
00418, 월드컵경기장역 3번출구 옆,20
00419,홈플러스 마포점 앞,21
00420, 서울시 공공자전거 상암센터,37
00421, 마포구청 앞,8
00422, 문화비축기지,9
00424, 롯데하이마트 (상암월드컵점),15
00425, DMC첨단산업센터,10
00426, 서울신용보증재단,10
00427, 성산시영아파트,10
00428, 명보사거리,10
00429, 송도병원,8
00430, 장충동먹자골목 앞,6
00431, 청계천 영도교,25
00432, 마포중앙도서관,10
00433, 을지로입구역 2번출구,12
00434, 신당 래미안 버스정류장,10
00435, SK 남산빌딩,10
00436, 이대역 5번출구,10
00437, 대흥역1번출구,12
00438, 성산2-1 공영주차장,15
00440, 하늘공원 입구,15
00441,염천교사거리,15
00442,서울역 서부,13
00443,호암아트홀,9
00445,대한상공회의소,15
00446, 상명대입구,13
00447, 신영동삼거리,6
00449, 일성아파트,10
00450, 효자동 삼거리,51
00451, 청와대앞길,8
00452, 동대문 종합시장 버스정류장,13
00453, 종로오가 지하쇼핑센터 14번출구,10
00454, 종로2가 버스정류장 (종각방향),13
00455, 종로6가역 버스정류장(동대문 방향),8
00456, 숭인2동 주민센터 입구,10
00457, 종로꽃시장 입구 옆,10
00458, 광화문역 5번출구,21
00461, 서울지방경찰청,10
00464, 삼청동 골목,10
00465, 삼청공원 앞,5
00466,롯데호텔,13
00467,한국은행,11
00468,웨스틴 조선호텔,8
00469,회현역 1번출구,11
00470,회현역 7번출구,13
00471,회현사거리 남측,10
00472,삼일교(시그니쳐 타워),12
00473,을지로4가역 9번출구,20
00474,동대문역사문화공원역 1번출구 뒤편,40
00475,DDP 패션몰,21
00476,광희문,10
00477,앰배서더 호텔 주변,10
00479,동대입구역 3번 출구,8
00480,약수역 6번 출구,8
00483,남산타운아파트 버스정류장,12
00485,서울역5번출구,10
00486, 평창동주민센터 앞,5
00488,푸르메병원,10
00489,구룡근린공원,10
00490,가온문화공원,23
00491,월드컵파크 4단지,10
00493,홍대입구역 6번출구,7
00494,신수동주민센터,5
00495,염리초등학교 앞,10
00497,합정동주민센터 앞,25
00498,연남동주민센터 앞,10
00500, 어린이대공원역 3번출구 앞,7
00501, 광진구의회 앞,30
00502, 뚝섬유원지역 1번출구 앞,33
00505, 자양사거리 광진아크로텔 앞,12
00506, 금호 어울림 아파트 앞,7
00508, 성수아카데미타워 앞,10
00510,뚝도아리수정수센터 버스정류소 옆,15
00511, 서울숲역 5번 출구 옆,16
00512, 뚝섬역 1번 출구 옆,15
00513, 뚝섬역 5번 출구 정류소 옆,13
00514, 성수사거리 버스정류장 앞,12
00515, 광양중학교 앞,15
00516, 광진메디칼 앞,10
00518, 청계천 박물관 앞,20
00519, 양지사거리,20
00520, 상왕십리역 4번 출구 앞,7
00521, 왕십리역 11번 출구 앞,14
00522, 금호역 1번출구 앞,9
00523, 옥수동성당 옆,7
00524, 래미안금호하이리버 아파트 102동 옆,10
00525, 한양대병원사거리,20
00526, 용답토속공원 앞,10
00529, 장한평역 8번 출구 앞,8
00530, 청계벽산아파트 앞,9
00533, 금남시장 교차로,7
00534, 금호사거리,10
00535, 응봉삼거리,11
00536, 행당역 2번출구 앞,8
00537, 한양대후문역 부근,10
00539, 군자교교차로,10
00540, 군자역 7번출구 베스트샵 앞,8
00542, 강변역 4번출구 뒤,19
00543, 구의공원(테크노마트 앞),20
00544, 광남중학교,20
00546, 잠실대교북단 교차로,8
00548, 자양나들목,20
00549, 아차산역 3번출구,10
00550, 서울시설공단 앞,20
00551, 구의삼성쉐르빌 앞,13
00552, 대림아크로리버 앞,9
00553, 중곡 성원아파트 앞,19
00555, 구의3동주민센터,9
00556, 달맞이공원,14
00557, 도선동 주민센터 앞,10
00558, 성동광진 교육지원청 앞,20
00559, 왕십리역 4번 출구 건너편,13
00560, 비전교회 앞,8
00561, 서울숲역 2번출구 앞,10
00563, 성동세무서 건너편,10
00564, 금호역 3번출구,10
00565, 옥수역 3번출구,19
00568,청계8가 사거리 B,14
00569, 응봉현대아파트 정류소,10
00571, 세종대학교 대양AI센터,20
00573, 구의문주차장 앞,10
00574, 아차산역4번출구,45
00575, 대원중고교 입구(대하빌딩),10
00576, 광나루역 3번 출구,10
00577, 광진청소년수련관,10
00578, 성동세무서 부근,8
00579, 마장역 4번출구,8
00582, 경일중학교 앞,10
00583, 청계천 생태교실 앞,20
00584, 광진광장 교통섬,20
00585, 성수2가1동 공영주차장 인근,9
00586, 마장동 주민센터,10
00587, 유니베라 앞,10
00588, 뚝섬 유원지역,20
00589, 성수역3번출구,8
00590, 건국대학교 (입학정보관),20
00591, 건국대학교 (행정관),5
00592, 건국대학교 학생회관,30
00593,자양중앙나들목,8
00594, 중랑물재생센터(서울새활용플라자),15
00600, 휘경2동 주민센터,10
00602, 장안동 사거리,10
00605, 신설동역8번출구,8
00606, 휘경공고앞,15
00607, 신이문역 2번출구,15
00608, 전농삼성아파트,10
00609, 제기2교,30
00610, 동대문중 교차로,10
00612, 시립동부병원 앞 사거리,20
00613, 신설동역 10번출구 앞,8
00614, 용두동 사거리,23
00615, 용두동 래미안허브리츠아파트 앞,25
00616,서울시립대 정문 앞 A,10
00617, 청솔우성아파트 앞,20
00621,전농초등학교 건너편,8
00622, 전농사거리 교통섬,15
00623,서울시립대 정문 앞 B,25
00624, 전농동 동아아파트 앞,10
00626, 군자교 서측 녹지대,17
00627, 장안동삼거리 교통섬,10
00628, 휘봉고등학교 앞,15
00630, 동대문구 보건소,15
00631, 답십리역 1번출구,15
00633, 청량리 기업은행 앞,8
00634, 외국어대 정문 앞,24
00635, 시조사 앞,12
00636, 세종대왕기념관 교차로,9
00637, KAIST 경영대학 앞,10
00638, 서울시립대 정보기술관,10
00639, 서울시립대 후문,14
00640, 동대문경찰서 교차로,6
00641, 용두역 4번출구,10
00642, 신답역 사거리,9
00643, 동대문구민체육센터 (육교아래),10
00648, 장안동위더스빌옆,15
00650, 중랑교사거리,20
00652, 답십리 래미안엘파인아파트 입구,10
00654, 전농동 텃골공원,10
00656, 영휘원 교차로,10
00657, 동대문롯데캐슬아파트 앞,13
00661, 경희대학교 청운관,15
00663,외대앞역 3번출구,10
00664, 서울시립대 건설공학관,10
00665,이문동 쌍용아파트 정문,11
00666,이문대성유니드아파트 앞,20
00667,청량차도 육교 밑,7
00669,청계한신휴플러스앞 삼거리,10
00670,삼육서울병원 버스정류장,9
00671,대광빌딩,10
00672,대광고등학교,17
00673,안암골벽산아파트(후문),10
00674,고대앞사거리 교통섬,15
00676,FITI시험연구원 앞,9
00678,장안힐스테이트(아) 앞,21
00679,전농SK아파트 앞,10
00680,꿈마루어린이도서관 앞,22
00681,서울특별시 동부교육지원청(육교),14
00700, KB국민은행 염창역 지점 앞,20
00701, 목동사거리 부근,8
00702, 목4동주민센터 옆,19
00703, 오목교역 7번출구 앞,12
00704, 남부법원검찰청 교차로,14
00706, 신정네거리역,15
00708, 서울출입국관리사무소 앞,16
00709, 신정3동 현장민원실 앞,20
00710, 금옥여고보도육교,10
00711, 신일해피트리아파트 앞,20
00712, 강월초교입구 사거리,14
00713, 양서중학교 옆,20
00714, 한국SGI 양천문화회관 앞,10
00716,신정6동 주민센터 인근,23
00719, 홍익병원앞 교차로,10
00720, 서울강월초등학교 앞,10
00722, 경서농협 버스정류장(우리은행신정동지점방향),10
00723, SBS방송국,15
00724, 계남공원 입구 주출입구 좌측,10
00725, 양강중학교앞 교차로,15
00726, 목동3단지 시내버스정류장,18
00729, 서부식자재마트 건너편,10
00731, 서울시 도로환경관리센터,10
00733, 신정이펜하우스314동,10
00734, 신트리공원 입구,10
00735, 영도초등학교,10
00736, 오솔길공원,10
00737, 장수공원,10
00739, 신월사거리,15
00740, 으뜸공원,10
00741, 화곡로 입구 교차로,10
00742, 등촌역 5번 출구 뒤,10
00743, 현대6차아파트 101동 옆,10
00744, 신목동역 2번 출구,40
00745, 강서초등학교,10
00746, 목동2단지 상가,10
00747, 목동3단지 상가,10
00748, 목동운동장,15
00749, 이대목동병원보도육교,10
00750, 연의근린공원 건너편,10
00752, 성원2차 아파트,10
00754, 목동1단지아파트 118동 앞,10
00755, 목동1단지아파트 상가 앞,10
00756, 목동주차장,15
00757, 신정이펜하우스 1단지아파트 입구 사거리,10
00758, 한사랑교회 앞,13
00759, 보아스아파트 앞,10
00760, 잣절보도육교 아래,10
00762, 오목로 무중력지대 앞,10
00763, 목동11단지 아파트,10
00764, 목동청소년수련관,30
00765, 오목교역 3번출구,12
00766, 신목동역 3번출구,15
00767,신정숲속마을아파트,10
00768,목동5단지아파트 501동,15
00769,CBS방송국 앞,20
00770,목동역5번출구 교통정보센터 앞,15
00771,목동아파트 703동 앞,8
00773,"염창역 3, 4번 출구 사이",10
00774,등촌역 4번 출구,11
00775,세종그랑시아 앞(102동),10
00776,목마공원,15
00777,신월6차보람아파트 앞,10
00779, 신정1동 주민센터 앞,20
00780,신정교 하부,15
00781,신정보도육교 아래,15
00782,서남병원 후문,20
00785,"양천구청, 보건소 사잇길",24
00786,목동아파트 8단지 상가동 앞,9
00787,양천아파트 입구,14
00788,양천구청역 2번출구 옆,15
00790,화곡고가 사거리,30
00791,현대하이페리온,15
00792,목동트라팰리스 웨스턴에비뉴,20
00793,목동5단지아파트 534동,15
00794,양천문화회관,10
00795,양천 해누리타운,22
00796,목동아파트 14단지 B상가 앞,10
00797,목동아파트 1422동 1434동 사잇길,10
00800, 목월공원 앞,15
00802, 한강진역 2번 출구 앞,9
00805, 문배어린이공원 앞,9
00806, 전자랜드 본관 앞,20
00807, 서울역 12번 출구 앞,10
00808, 서빙고동 금호맨션 앞,10
00809, 한남 유수지 복개주차장,10
00810, 이태원지하보도,10
00811, 녹사평역1번출구,20
00813, 삼각지역 3번출구,20
00815, LIG강촌아파트 103동앞,30
00816, 신용산역 6번출구 앞,25
00817, 삼각지역 4번출구 앞,9
00818, 숙명여대 입구 교차로,12
00819, 선린인터넷 고등학교,12
00820, 청파동입구 교차로,10
00822, 이촌1동 마을공원,10
00823, 효창동주민센터 앞,10
00825, 서빙고동 주민센터 앞,15
00826, 서울역 서부교차로2,20
00827, 국군복지단,14
00828, 숙대입구역 8번,7
00829,한강대교 북단 교차로,40
00830,강변삼성스위트아파트 앞,10
00832, 이촌1동 주민센터 뒤,20
00834, 효창공원앞역 3번출구 뒤,15
00835, 남영역 건너편,10
00836, 현대자동차서비스 앞,15
00837, 한남나들목 입구,10
00838, 숙대입구역 4번출구,8
00839, 보광동 삼성리버빌아파트 앞,10
00840, 용산 파크타워 앞,10
00841, 신용산역 1번 출구,30
00843,이태원관광특구B(용산구청쪽),19
00844, 이촌2동 동원베네스트 아파트 앞,15
00845, 용산 선인상가,16
00846, 용산중학교,15
00848, 삼각지12번 출구,10
00849, 삼각지 자이아파트,20
00850, KCC용산월츠타워,15
00851,효창 푸르지오 앞,10
00852,청암자이아파트 앞,30
00853,용산역 맞은편,19
00854,HID 유족동지회 앞,10
00855,이촌역5번출구 앞,10
00857, 현대 안성타워,10
00858,녹사평역3번 출구,10
00859,남산공원 야외식물원 앞,10
00860,LG한강 자이아파트 앞,22
00863,이촌역2번 출구,10
00864,순천향대학병원(한남오거리),10
00866,브라운스톤 남산아파트,10
00867,서빙고역 광장(1번출구),10
00869,노들섬 동측 앞,10
00870,노들섬 서측 앞,10
00900, 은평예술회관,20
00902, 진관동 은빛초등학교,10
00903, 은평뉴타운 아이파크,20
00904, 은평뉴타운 푸르지오,18
00905, 구파발역 2번출구,10
00906, 연신내역 5번출구,10
00907, CJ 드림시티,10
00908, 구산역 4번출구,10
00909, 백련산 힐스테이트 3차,10
00911, 은평평화공원(역촌역4번출구),10
00912, 응암오거리,20
00913, 이마트 버스정류장(서부경찰서 방면),15
00914, 새절역 2번출구,20
00915, 증산역 4번출구,10
00916, 평생학습관 앞,13
00917, 녹번역 3번출구,10
00919, 서울혁신파크,10
00921, 신도고등학교,8
00922, 연신내역 4번출구,10
00923, 국민은행 연서지점,10
00925, 불광역 2번출구,8
00927, 연신내역 3번출구 인근,10
00928, 은평역사한옥박물관,15
00930, 구 서부경찰서 건너편,7
00931, 역촌파출소,19
00932, 예일여중,20
00933, 역촌종합시장 버스정류장(예일여고 방면),15
00937, 상림마을 롯데캐슬2단지 옆,10
00938, 금암 문화공원,10
00939, 은평구청 교차로,15
00941, 은평뉴타운 도서관,13
00942, 상림마을 생태공원,9
00943, 은평구청 보건소,10
00945, 기자촌 사거리 A,10
00946, 독바위역,16
00947, 연신내 선일하이츠빌 정류소,10
00948, 디지털미디어 시티역 4번출구(DMC역),10
00949, 연신내역 1번 출구,6
00950, 구산역 2번 출구 예일여고 버스정류장,10
00952, 서울연신중학교,10
00953, 서울연신초등학교,10
00954, 은평뉴타운구파발9단지,10
00956, 응암시장교차로,9
00958, 본 서부병원 버스정류장(은평 세무서 방면),13
00959, 구파발10단지 인근,10
00960, 구파발역 환승센터,15
00962, 은평뉴타운 힐데스하임,10
00963, 대호프라자아파트,13
00964, 북한산힐스테이트 7차아파트,10
00965, 서울특별시 은평병원,10
00966, 서울혁신파크1,10
00967, 서울혁신파크2,13
00968, 은평뉴타운 상림마을 13단지,7
00969, 은평 지웰테라스,9
00971, 역촌 센트레빌 아파트,20
00973,제각말푸르지오 5-1단지 아파트,10
00974,연신초등학교옆 마을마당,10
00975,백련산 힐스테이트상가앞,10
00976,진관고등학교앞,10
00977,신도중학교앞,10
00978,녹번 힐스테이트상가앞,10
00979,원풍빌라앞,10
00982, 녹번초등학교(서오릉로),10
00984,상신초등학교앞 버스정류장,9
00985, 은평세무서 버스정류장(은평구청 방면),10
00989, 신응교(가좌로) 앞,10
00991,흥국사 정류장,10
00992,북한산입구 정류장,10
00993,은평뉴타운 은뜨락아파트앞,15
00994,북한산생태공원입구(교통섬),10
00995,은평다목적체육관,10
00996,응암역2번출구 국민은행 앞,10
01001, 광진교 남단 사거리(천호공원 방면),15
01002, 해공공원(천호동),10
01003, 해공도서관앞,20
01004, 삼성광나루아파트 버스정류장,10
01006, 롯데캐슬 115동앞,10
01007,암사동 선사유적지,14
01008, 암사역 3번출구(국민은행앞),9
01009, 천호역4번출구(현대백화점),20
01010, 강동세무서,20
01011, LIGA 아파트 앞,20
01012,천호역효성해링턴타워 앞,15
01013, 강동구청역 1번 출입구,15
01015, 샛마을 근린공원,13
01016, 해뜨는 주유소옆 리엔파크 109동앞,10
01017, 둔촌고교입구 교차로(길동주민센터 방면),20
01018, 둔촌 주공 GS 맞은편,15
01019, 다성이즈빌아파트(호원대 대각선 맞은편),10
01020, 강동경찰서,15
01021, 강일동 리슈빌 빌딩앞,15
01022, 길동 사거리(초소앞),20
01023, 한국종합기술사옥 앞,22
01024, 강동구청 앞,10
01025, 상일초등학교,10
01026, 대명초교 입구 교차로,14
01027, 프라자 아파트 앞,20
01028, 포레스 주상복합 빌딩,10
01029, 성내어울터,7
01030, 미호 플랜트 앞,15
01031, 올림픽로 836(아리수로),15
01032, 선사고등학교,20
01033, 고덕동 아남아파트,17
01034, 고덕동 래미안 힐스테이트,10
01035, 고덕역 4번출구,25
01036, 고덕동 주양쇼핑,10
01037, 강일리버파크 6단지,10
01038, 강일 다솜 어린이 공원,10
01039, 고덕초등학교,7
01041, 묘곡초등학교,10
01042, 강일리버파크 2~5단지,10
01044, 굽은다리역,15
01048, 둔촌어린이공원,13
01049, 강일리버파크 10단지,10
01050, 둔촌역 3번 출입구,15
01051," 강일중,선사고 버스정류장(신암중학교 방면)",15
01053, 동명근린공원 진입로 (아리수로),11
01056, 강일리버파크 7~11단지,10
01057, 능골근린공원,15
01058, 고덕숲 아이파크 1,12
01059, 래미안 강동팰리스(102동),15
01060, 천일초교 사거리,6
01061, 천호초교 입구 사거리(일주빌딩),8
01063,강동롯데캐슬퍼스트 아파트(관리동),10
01064,중앙보훈병원역 1번출구,10
01065,보훈병원 후문옆(더 원커피),10
01066,생태공원앞 교차로(조명탑),10
01067,한영중고앞사거리,10
01068,명일파출소,10
01070,(시립)고덕평생학습관,10
01072,고덕역 5번출구,22
01073, SSTS 몰 앞,7
01074,대명초교입구 사거리,15
01075,천동초교 삼거리,10
01076, 천동초교입구사거리 버스정류장(십자성마을 방면),10
01077,강동역 1번출구 앞,15
01078,둔촌사거리,25
01079,강일동입구교차로,10
01080,엘웨딩,10
01081,트레빌빌딩,20
01083,광문고교사거리(아이파크),15
01084, 윤선생빌딩(JYP사옥),20
01085,래미안 솔베뉴(고덕로),20
01086,래미안 솔베뉴(구천면로),10
01088,풍납사거리(강동),12
01089,고덕 래미안힐스테이트(201동),10
01090,상일동역 2번출구 앞,17
01101,상사마을 버스정류장(아라대교방면),10
01102, 방화사거리 마을버스 버스정류장,10
01103, 방화역 4번출구앞,10
01105, 방화근린공원,10
01106, 신방화사거리,10
01108, 공항시장역 2번출구 뒤,8
01109, 공항시장역 4번출구,6
01110, 공항중학교앞,15
01111, 마곡엠밸리6_7단지 마곡중학교,20
01112, 마곡엠밸리4단지 정문,15
01113, 서남환경공원 버스정류장,15
01117, 등촌5단지아파트 버스정류장,10
01118, 증미역 3번출구뒤(등촌두산위브센티움오피스텔),10
01119, 염창동 한마음아파트 앞,6
01120, 대림경동아파트앞,25
01121, 가양레포츠센터 앞,15
01124, 발산역 6번 출구 뒤,6
01126, 우장산역 1번출구옆(우장산아이파크105동앞),7
01127, 화곡역 버스정류장,10
01128, 화곡역 6번출구,10
01129, 화곡역 1번 출구 앞,7
01130, 화곡본동시장 버스정류장,7
01132, 등촌역 7번출구,10
01135, 강서구의회,16
01136, 등촌2파출소,8
01137, 등촌2동주민센터,10
01139, 용문사 버스정류장,8
01140, 목동사거리 버스정류장,17
01141, 곰달래 문화복지센터 A,20
01145, 곰달래 문화복지센터 B,10
01148, 볏골공원,10
01149, 신방화역환승주차장,13
01150, 송정역 1번출구,7
01151, 마곡역1번출구,25
01152, 마곡역교차로,30
01153," 발산역 1번, 9번 인근 대여소",32
01155, 기쁜우리복지관,10
01157, 강서구청,8
01158, 가양역 8번출구,20
01159, 서서울모터리움 앞,20
01160, 양천향교역 7번출구앞,20
01161, 강서면허시험장 앞,10
01162, 공항초등학교건너편,10
01163, 방화동강서기동대앞,10
01165, 마곡중학교 후문,20
01166, 강서구립등빛도서관,10
01167, 마곡수명산파크3단지 교차로,15
01168, 마곡엠밸리10단지 앞,14
01169, 염창역 1번 출구,8
01170, 강서구보건소,11
01171, 염창동 새마을금고 건너편,8
01172, 가양3동 주민센터,8
01173, 강서구청사거리(SH타워),15
01174, 강서구청사거리(부민병원),9
01175, 대한항공 인력개발센터,15
01177, 수명중?고교,15
01178, 개화산역 2번 출구,10
01180, 마곡엠밸리 15단지(1502동) 건너편,15
01181, 농수산식품공사 (강서지사),10
01182, KBS 스포츠월드,20
01183, KC 대학교,10
01184, 마곡13단지,26
01185, 등촌9단지,20
01186, 송정중학교,15
01187, 강서수산물도매시장,15
01188, 롯데중앙연구소,8
01190, 마곡역 교차로(2번출구),14
01191," 마곡역 버스정류장(마곡나루역1번출구, 웰튼병원 방면)",13
01192, 마곡수명산파크 209동 건너편,20
01193, 마곡센트럴타워 1차,51
01195, 코오롱One&Only타워,24
01196, 서울식물원(문화센터) 건너편,11
01197, 엠펠리체 호텔 건너편,20
01198, LG 사이언스파크,31
01199, 우장산역 3번출구,13
01200, 개화광역환승센터,10
01201, 가락시장역 3번 출구,15
01203, 밀리아나2빌딩 앞,20
01204, 거여역 3번출구,10
01205, 종합운동장역 4번출구,15
01206, 9호선종합운동장역 9번출구,20
01207, 마천중앙시장,10
01208, 풍납현대아파트쉼터,25
01209, 잠실나루역 (2번 출구 쪽),20
01210, 롯데월드타워(잠실역2번출구 쪽),30
01212, 송파역 2번 출구앞,10
01213, 백토공원 앞,12
01214, 오금역 7번 출구 인근,10
01215, 올림픽공원역 1번출구 앞,15
01217, 송파파인타운 7단지,15
01218, 방이역 4번출구,12
01220, 잠실근린공원,15
01221, 삼전역 4번출구,10
01222, 잠실새내역 5번 출구 뒤,23
01224, 아시아지하보도 2번 출구,15
01226, 잠실4동 주민센터 옆,10
01227, 거여역 8번출구 뒤,10
01228, 마천사거리,10
01229, 송파체육문화회관 앞,15
01230, 송파중학교 정문,10
01231, 잠실역 6번출구,13
01232, 잠실주공 521동 건너편,10
01233, 잠실3거리(갤러리아팰리스),9
01235, 잠실트리지움310동 옆,14
01239, 문정 법조단지3,13
01240, 문정 법조단지4,10
01241, 문정 법조단지5,10
01242, 문정 법조단지6,10
01243, 문정 법조단지7,29
01244, 문정 법조단지8,11
01245, 문정 법조단지9,10
01246, 문정 법조단지10,30
01247, 문정 법조단지11,15
01248, 방이초등학교,25
01250,문정2동 주민센터,10
01251, 석촌역 2번출구,10
01253, 오금역 3번 출구 뒤,10
01256, 문정현대아파트 교차로,8
01258, 가락미륭아파트 앞,10
01259, 방이역 1번출구,20
01260, 방이동 한양3차아파트 옆,8
01262, 송파여성문화회관 앞,10
01263, 장지공영차고지,10
01264, 천호역 10번 출구 앞,8
01265, 문정동 근린공원,10
01266, 문정동 글샘 공원,10
01267, 올림픽공원 남2문 앞,14
01268, 몽촌토성역 1번출구 옆,15
01269, 리센츠아파트,10
01271, 송파도서관,15
01274, 영파여고 앞,20
01275, 거여초등학교 옆,15
01277,성내7교,15
01278, 송파구청 교차로,16
01279, 마천금호어울림 1차아파트 건너편,10
01280, 송파파크데일 2단지입구 앞 주차장,13
01282, 송파소방서 맞은편(성내4교),10
01283, 오금공원 사거리,8
01285, 위례별 유치원 뒤,10
01286, 위례중앙푸르지오 1단지 앞,10
01287, 위례아이파크 101동 맞은편,8
01288, 문정중교 사거리,15
01289, 풍납토성 서성벽터B,10
01290, 위례송파꿈에그린아파트24단지 앞 성벽 다리 밑,10
01291, 서울체육고등학교 앞,10
01293, 석촌호수 서호 사거리,14
01295, 잠실역 8번출구,25
01296, 석촌호수교차로 (송파나루근린공원 앞),10
01297, 석촌호수교차로(동호 팔각정 앞),15
01299, 송파소방서 (방이119안전센터),15
01300, 오륜사거리,15
01302, 한성대입구역6번출구 뒤,5
01303, 돈암초교 입구,10
01304, 만해공원,10
01305, 성북구청,15
01306, 한성대입구역2번출구,10
01308, 안암로터리 버스정류장 앞,16
01314, 정릉꿈에그린1단지 201동 앞,8
01315, 고려사대부속중고 정문,10
01316, 고려사대부속중고 건너편,10
01318, 길음역 3번출구 뒤,14
01319, 종암사거리 분수대,10
01321, 국민은행 종암동지점 앞,14
01322, 래미안라센트아파트 103동 앞,10
01325, 상월곡역 4번출구,10
01326, 상월곡역 1번출구,10
01327, 상월곡역 3번출구,10
01328, 월곡역 3번출구,10
01332, 석계역 5번출구 건너편,10
01333, 석관초등학교 앞,20
01334, 석관동주민센터 앞,10
01336, 성북3교 위,30
01337, 돈암성당 옆,13
01338, 용문2교 옆,15
01339, 삼성전자서비스 성북센터,9
01340, 광운초등학교 앞,11
01342, 성북쉼터 앞,10
01343, 한성대7번출구 앞,8
01344, 아리랑시네센터 앞,10
01346, 길음8골어린이공원 옆,15
01347, 길음래미안아파트817동 상가 앞,10
01348, 성북제일새마을금고 본점 앞,12
01349, 월계2교 버스정류장 앞,10
01351, 안암2교 옆,8
01352, e 편한세상 보문아파트 내,8
01353, 금호어울림센터힐 내,8
01354, 고려대학교 2번출구,22
01357, 북한산보국문역,10
01358, 정릉도서관 앞,7
01360, 정릉역,10
01361, 홍익중고 입구,20
01362, 보문역6번출구 앞,12
01363, 보문4교 인근,25
01364, 성북동 치안센터 앞,10
01365, 선잠단지 앞,10
01366, 일신초등학교 옆,10
01367, 길음문화복합미디어센터,10
01368, 성신여대입구 교차로,10
01370, 복자사랑 피정의 집,10
01372, KEB은행 고대점,20
01373, 성북구보건소 건너편,8
01375, 생명의 전화 종합복지관 앞 교차로,20
01376, 한국과학기술연구원 중문,7
01377, 한국과학기술연구원 북문,10
01379,길음뉴타운푸르지오아파트 3단지,10
01380,월곡역 5번출구 앞,10
01381,석계역 4번출구 뒤,18
01382,래미안월곡아파트 입구,10
01384,성신여대입구역 5번출구,13
01385,성신여대입구역 3번출구 앞,10
01386,동선고가차도 초입,10
01388, 돈암초교입구 버스정류장(한성대입구역 방면),10
01390,석관래미안아트리치,10
01391,성북청소년센터,10
01392,돈암삼성풍림아파트,10
01393,돈암육교 하단,10
01394,길음뉴타운 래미안9단지,10
01395,래미안장위포레카운티(102동),20
01396,래미안장위퍼스트하이(513동),30
01401, 극동늘푸른아파트,15
01402, 금란주차장 앞,10
01403, 중화빌딩 앞 (동부시장),15
01404, 동일로 지하차도,10
01405, 망우역 1번출구,10
01407, 먹골역 1번출구 뒤,10
01408, 먹골역 6번출구 앞,10
01410, 면목 대원칸타빌아파트,10
01411, 상봉시장앞 교차로 한성빌딩 앞,10
01414, 사가정역 2번출구,10
01416, 상봉역 3번출구,8
01418, 새솔초등학교,10
01420, 신내어울공원 앞,15
01421, 신내역 4번출구,13
01422, 신내우디안아파트 1단지,10
01424, 양원역 2번출구,10
01425,신성미소지움아파트,10
01426, 면목도시개발아파트 1동 앞,10
01427, 용마산역 1번출구,10
01428, 원묵고등학교,10
01429, 장안중학교,15
01430, 중랑구청,20
01431, 중랑구청 사거리,10
01433, 중화역 2번출구,10
01435, 능산삼거리,10
01436, 동원베네스트 건물 앞,15
01437, 늘푸른공원 앞,15
01438, 홈플러스 신내점 앞,15
01440, 면목2동 사거리,10
01441, 신내능말공원,10
01442, 중랑구 중소기업 창업센터,8
01444, 면목4치안센터,10
01445, 용마지구대 A,10
01446, 중랑전화국 교차로,10
01447, 면목역 3번출구,15
01448, 코스트코 상봉점,15
01449, 상봉역 1번출구,15
01450, 화랑대역 7번출구,10
01451, 중랑세무서,10
01452, 겸재교 진입부,25
01453, 중랑캠핑숲,9
01454, 한국전력공사(동대문 중랑지사),10
01455, 상봉역 2번 출구,10
01456, 상아빌딩(우림시장 교차로),10
01457, 동원사거리,10
01458, 상봉터미널2,9
01459, 용마한신아파트사거리,10
01461,동양엔파트 앞,12
01462,동부시장 북문 앞,9
01463,중랑구민회관,10
01464,중화역 4번출구,15
01466,두산대림아파트 삼거리,10
01467,sk신내 주유소앞(용마산로),10
01468,먹골역 7번 출구,6
01469,먹골역 4번출구,20
01470,중화동 우리은행 앞,20
01471,동양쇼핑 정류소 앞,10
01472,영성빌딩(PAT),8
01473,중랑역 1번 출구(중화문화복지센터),10
01474,서울중랑우체국,10
01477,면목삼익아파트 앞,10
01478,홈플러스 상봉점 앞,15
01479,면목 홈플러스 2,10
01480,용마지구대 B,15
01501," 미아역 3번,4번 출구 사이",9
01503, 강북구청사거리(수유역 8번출구),14
01504, 삼양시장오거리,10
01506, 강북문화예술회관,15
01509, 서울북부수도사업소,10
01510, 번동주공5단지 관리사무소 앞,10
01512, 강북중학교 앞,20
01514, 강북구청 사거리 버스정류소 앞,10
01515, 송천동 주민센터,10
01516, 우이초등학교 후문 옆,10
01518, 수유2동은행빌딩 앞,10
01519, 장미원시장 건너편,10
01520, 수유중앙시장,7
01525, 미아동 복합청사,10
01526, 강북종합시장 앞,8
01527, 미아역 1번 출구 뒤,10
01528, 삼각산동 주민센터,10
01529, 미아동 한국전력공사,15
01530, 광산사거리,13
01531, 미아사거리 1번 출구,10
01532, 번3동 주민센터 교차로,10
01533," 번동 주공3, 4단지 교차로",10
01535, 효성인텔리안 앞,10
01536, 번동 두산위브 101동 옆,20
01537, 북한산 우이역,10
01538, 솔밭공원역,8
01539,4.19민주묘지역,10
01540, 가오리역,8
01541, 삼양역,10
01542, 삼양사거리역,10
01543, 수유1동 주민센터,10
01546, 송천동우체국,10
01547, 꿈의숲 롯데캐슬,10
01548, 북서울 꿈의숲 서문,15
01550,삼각산아이원아파트(105동 옆),10
01551,4.19탑 앞,8
01552, 강북구청사거리,8
01553,서울북부고용노동지청,15
01554,번동사거리,10
01557,신창교,10
01558,강북문화정보도서관,10
01560, 도봉세무서 앞,10
01564,4.19민주묘지역 1번출구,7
01565,수유사거리,15
01568,4.19민주묘지 입구사거리,10
01569,수유역2번출구,10
01571,북서울 꿈의 숲 입구,10
01572, 우이동 먹거리마을,10
01573,현대성우아파트 옆,10
01574,송중초등학교 옆,8
01601, 석계역 문화광장 내 자전거 보관소,10
01602, 광운대역 앞,13
01605, 헬스케어,10
01606, 태릉입구역 3번출구,10
01608, 공릉역 1번 출구 앞,10
01610, 화랑대역 2번출구 앞,20
01611, 과기대 입구(우),20
01616, 하계2동 공항버스정류장 옆,10
01617, 하계동 중평어린이공원 앞,20
01619, 중계동 하나프라자빌딩 앞(중1-1),10
01620, 중계동 노원구민체육센터 옆(중1-2),10
01625,상계역 3번출구,20
01627, 수락산역 4번출구,12
01628, 노일초등학교 앞,5
01630, 수연빌딩 앞,10
01634, 당고개공원 대여소,15
01635, 상계3.4동 주민센터 대여소,6
01636, 상계주공2단지 버스정류장 옆,10
01637, KT 전화국 버스정류장 옆,9
01639, 희성오피앙,10
01640, 한내근린공원 북측,9
01641, 한내근린공원 남측,15
01642, 서울여대 남문,7
01643, 태릉입구역 8번출구,10
01646, 삼육대 입구,10
01650, 중계근린공원내,25
01651, 상계동 우방유쉘아파트 앞,20
01652, 파르코 앞,10
01653, 노원역1번출구,10
01654, 당고개입구 오거리,15
01655, 공릉1단지아파트,15
01656, 중앙하이츠 아파트 입구,12
01657, 노원구청,20
01659, 중계동 을지중학교,10
01660, 서울시립과학관,8
01661, 당현천근린공원,10
01662, 노원역7번출구,20
01663, 동해문화예술관앞,25
01664, 노해근린공원내,10
01665, 양지근린공원앞,10
01666, 노원소방서인근,10
01667, 중계중학교,10
01668, 중계역 6번출구,10
01669, 중계역 3번출구,9
01670, 노원경찰서교차로,20
01671, 인덕대학교,15
01672, 상계동수락리버시티,15
01674, 서울북부고용센터앞,15
01675, 월계문화체육센터,9
01677, 육군사관학교 앞,15
01679, 삼육대 도서관,10
01680, 삼육대 제3과학관,7
01681, 현대6차 아파트,12
01682, 중계종합사회복지관 교차로,13
01683, 노원문화예술회관,5
01684, 태릉입구역 5번출구,20
01685, 불암고등학교 앞 횡단보도,8
01686, 상계주공10단지 종합상가 앞,15
01688, 마들역 7번출구,9
01689, 마들역 3번출구,10
01690, 도봉운전면허시험장 버스정류장 옆,10
01691, 노원정보도서관,10
01692, 온곡초교 교차로,10
01693, 원자력 병원,10
01696,수락리버시티4단지,10
01697,상계주공2단지 219동,10
01702, 녹천역 1번출구 앞,10
01703, 도봉산광역환승센터앞,10
01705, 도봉구청 정문앞,8
01706, 방학동우체국 건너편,10
01707, 도봉구민회관,20
01708, 도봉보건소사거리,7
01709, 쌍문역4번출구 주변,17
01713, 쌍문동 이안아파트 앞,10
01714, 도봉문화정보도서관 삼거리,10
01715, 서울특별시교육청도봉도서관,20
01716, 창동역 1번출구 건너편,10
01719, 신도봉사거리 버스정류장,10
01720, 도봉구청 옆(중랑천변),27
01722, 창동청소년수련관,15
01723, 방학동학마을도서관,10
01725, 창1동주민센터,10
01726, 삼익세라믹아파트교차로,8
01727, 서울도봉초등학교인근,15
01728, 서울북부지방법원,10
01729, 도봉한신아파트 버스정류장,10
01730, 도봉산역 교차로 앞,8
01731, 도봉고등학교 맞은편,10
01732, 방학역사거리,10
01733, 방학사거리 (봄마당 앞),12
01734, 쌍문현대1차아파트 108동 앞,10
01735," 도봉역 1,2번 출구사이 건너편",13
01736, 버스정류장 앞,12
01737, 신창시장,10
01738, 창동주공17단지 상가앞,10
01741, 제일강산수산입구,20
01742, 북한산 코오롱 하늘채,10
01743,창동19단지아파트 관리사무소앞,10
01744,도봉소방서 옆,15
01749, ESA아파트 상가 앞,10
01750, 창포원 남쪽 입구,12
01751, 창원초등학교 교차로,15
01752, 창동 주공 4단지 입구 옆,6
01754, 창동시장입구 사거리,11
01756,서울북부광역등기국,10
01757,솔밭공원역 1번출구 앞,10
01758,솔밭공원역 1번출구 주변,10
01759,서울북부지방법원 앞,10
01761,방학중학교 앞,10
01762,북한산 한신휴플러스APT앞,25
01765,쌍문역 1번출구 주변,13
01767,방학초등학교 앞,10
01768,신동아타워 버스정류소,8
01770,도봉한신아파트 주변,15
01771,성원APT버스정류소,15
01772,시립도봉노인복지관 버스정류소,10
01774,정의여중고 버스정류소,8
01775,신원리베르텔 앞,15
01804, 독산역 2번출구 자전거주차장,10
01805, 서울디지털운동장 앞,10
01806, 에이스하이엔드타워9차 앞,10
01808, 에이스하이엔드타워8차 앞,20
01809, LG전자 별관동(호서대 벤처타워 맞은편),10
01812, 갑을그레이트밸리 앞,10
01814, 두산위브아파트 옆 상가건물 앞,8
01819, 금천구청 앞 자전거거치대,10
01820, 신한은행 시흥대로금융센터지점,10
01821, 홈플러스 시흥점 맞은편 다비치안경 앞,10
01823, 상신정비공업 앞,10
01824, 독산근린공원 입구,25
01825, 한신아파트 앞 육교 아래,10
01826, 한신코아 앞,10
01827, 독산보도육교 앞 자전거 보관소,20
01828, 한양수자인아파트 앞,10
01829, 홈플러스 금천점 앞,10
01830, 빅마켓 금천점 앞,19
01831, 메이퀸웨딩컨벤션 앞,10
01833,독산역 1번출구 A,10
01834, 월드메르디앙 벤처센터 2차,10
01835, STX V타워,10
01836, 금천구립 독산도서관,7
01839, 수출의 다리 아래,20
01840, 솔브레인이엔지 뒤편,20
01841, 가산동 주민센터,12
01842, 한울중학교,12
01843, 독산고등학교,10
01845, 롯데캐슬골드파크1차 서문,15
01846, 롯데캐슬골드파크1차 동문,15
01847, 독산주공 14단지 버스정류소,10
01848, 벽산 디지털밸리 5차,9
01849, 대륭포스트타워5차,10
01850, 코오롱테크노밸리,10
01851,가산디지털단지 9번출구 인근,10
01853, 서울디자인직업전문학교 앞,10
01854, 가산아네스트 오피스텔 앞,10
01855, 성지아파트 옆 도로변,10
01856, 모두의학교,10
01857, 주공14단지,10
01858, 500번·507번 버스 종점 앞,10
01859, 대륭테크노타운 18차,13
01861,IBK기업은행 석수역 지점 앞,10
01862,스타즈호텔독산 빌딩 앞,20
01863,위너스 스포츠클럽 골프연습장옆,9
01864,산호시티빌 옆,15
01865,금천구청앞(M빌딩),10
01866,서울안천초등학교 옆,10
01867,대륭포스트타워6차 앞,30
01868,우리은행 시흥남자동화점 앞,10
01869,롯데캐슬골드파크3차 301동 앞,15
01870,독산3동주민센터 앞,8
01901, 신도림동주민센터 앞,10
01904, 도림천역 1번 출구 앞,10
01906, 신도림역 1번 출구 앞,20
01907, 구일우성(아) 육교 밑,12
01908, 해원리바파크 육교 밑,12
01910, 낙원교회 맞은편,5
01911, 구로디지털단지역 앞,18
01912, 한신휴아파트 앞,13
01914, 대림역4번출구,10
01916, 구로중학교앞,10
01920, 서울미래초등학교 사거리,14
01924, 삼부르네상스파크빌,10
01925, 동양미래대학교 정문 옆,20
01928, 고척스카이돔구장 광장,10
01929, 고척근린공원 고척도서관 앞,10
01930, 개봉지구대 개봉치안센터,7
01931, 개봉역2번출구 A,10
01933, 개봉푸르지오아파트 상가,16
01936, 개봉역 1번 출구 자전거보관서쪽,10
01937, 한진아파트 입구,15
01941, 오류동역 2번출구,10
01943, 온수역 북측,10
01946, 구로역 광장,10
01951, 천왕이펜하우스 4단지 후문,15
01952, 천왕연지타운2단지 앞,20
01953, 천왕역 4번출구 뒤,20
01955, 디지털입구 교차로,10
01956, 동아1차APT105동 버스정류장(신도림중학교 방면),15
01957, 구일고등학교 정문,15
01958, 강서수도사업소민원센터,15
01959,구로구의회 앞,9
01960, 구로거리공원 동측(신도림역 방면),10
01962, 가리봉동주민센터,15
01964, 원메디타운 앞,10
01965, 삼환로즈빌아파트 105동 옆,15
01966, 한마을아파트 정문상가,10
01967, 참새공원(백곡경노당),10
01969, 궁동생태공원,10
01971, 오정초교 앞 보도육교,10
01973, 오리로와 서해안도로 교차로 앞,10
01974, 신도림2차e편한세상아파트 203동 앞,10
01975, 대림역 1번 출입구 밑,10
01976, 남구로역 5번 출입구 앞,10
01977, 천왕역 1번 출입구 앞,15
01979, 구로1동우체국 앞,10
01981,천왕지구삼거리 앞,10
01983, 구로동롯데아파트,10
01985, 구로도서관,20
01986, 태평양물산빌딩,15
01987, 개봉아이파크아파트 앞,15
01988, 고척LIGA아파트 앞,20
01991, 오류동역 맞은편,13
01992, 구로구배드민턴실내체육관 앞,12
01993, 금강수목원아파트 앞,10
01994, 삼성전자 물류센터 앞,10
01996, 구일역 1번 출입구 앞,20
01998, 고척교 교차로,23
01999, 수궁동 성당 주변,10
02000, 신도림4차 e편한세상 아파트 1109동 앞,15
02002, 노들역 1번출구,17
02003, 사육신공원앞,10
02007, 유한양행앞,20
02008, 노량진근린공원 대방공원,10
02009, 보라매역 8번출구,10
02012, 대림사거리(동작상떼빌아파트),10
02013, 장승배기역 5번출구,30
02015, 신대방삼거리역 6번출구쪽,20
02016, 신대방삼거리역 3번출구쪽,10
02020, 장승배기역2번출구뒷편쪽,10
02024, 상도역 1번출구,10
02025, 흑석역 1번출구,20
02026, 흑석역 4번출구,10
02027, 중앙대학교 정문 1,15
02032, 이수역 11번출구쪽,10
02033, 사당동 아르테스 웨딩앞,10
02034, 사당역 7번출구쪽,20
02036, 정금마을 마을버스정류장,12
02037, 동작역 5번출구 동작주차공원,20
02038, 동작역 7번출구,10
02040, 비계 버스정류소,10
02041, 사당중학교 버스정류소,7
02048, 삼일초등학교 인근,10
02050, 노량진역 5번출구,15
02054, 삼익아파트,10
02056, 동작구민 체육센터,10
02057, 상도 아이파크 아파트,10
02058, 동작경찰서,14
02059, 보라매공원 정문,10
02060, 남성역3번출구 뒤,10
02062, 사당새마을금고,10
02064, 흑석한강푸르지오 106동앞,10
02065, 서울시여성가족재단,10
02066, 양문교회 앞,10
02067, 보라매역?동작세무서 버스정류장(강남중학교방면),10
02068, 총신대 앞(육교),8
02069, 숭실대 입구역3번 출구 앞,7
02070, 노량진역 2번 출구 앞,18
02071, 대림아파트 후문 상가 옆,10
02077,노들역 3번출구,10
02078,흑석 아크로리버하임(103동),13
02079,중앙대학교 중앙광장,25
02080, 대방지하보도(대방동경남아너스빌아파트),15
02082,7호선 이수역7번출구,10
02083,흑석롯데캐슬에듀포레(107동),10
02084,e편한세상 상도노빌리티 앞,15
02085,강남중학교 앞,20
02086,삼일수영장 앞,22
02088,상도중앙하이츠빌 입구,10
02089,사당역10번출구(금강빌딩),10
02090,기아자동차 사당점 앞,15
02091, 이수역9번출구,15
02092,흑석한강푸르지오(110동),10
02093,상도SH빌아파트 입구,8
02094,숭실대학교(중문),20
02095,경문고등학교 앞,10
02096,서울특별시 동작관악교육지원청,8
02102, 봉림교 교통섬,13
02103, 신림동 우방아파트,10
02104, 사당역 5번출구,13
02105, 미성동 신림체육센터,12
02106, 세이브마트,12
02108, 은천치안센터,20
02109, 은천로입구 가로공원,22
02110, 조원동 미성아파트,9
02111, 서울대입구역 1번출구,10
02112, 서울대입구역 마에스트로,15
02113, 관악동작견인차량보관소,20
02115, 관악구시설관리공단,20
02116, 에이스에이존빌딩,9
02119, 중앙동 동진빌딩,10
02122, 낙성대로 입구,20
02127, 난곡종점,10
02128, 관악구청교차로,12
02129, 낙성대 과학전시관,10
02130, 영어마을 관악캠프,10
02135, 신림역 5번출구,9
02136, 신림역 8번출구,8
02137, KT&G 관악지점,10
02139, 서울신성초등학교,10
02140, 신림1교 교차로,20
02143, 서울산업정보학교,10
02144, 난우길입구,15
02145, 은천초등학교 육교,12
02148, 낙성대역 3번출구 뒤,10
02156, 신림푸르지오아파트,12
02159, 인헌초교,10
02164, 관악우체국,8
02165, JK장평타워,10
02167, 낙성대역 1번출구,12
02169, 봉천역 2번출구,7
02170, 조원동 강남힐병원,10
02171, 서울대입구역 5번출구,17
02172, 나들목공원,15
02173, 당곡사거리,10
02174, 삼성디지털프라자관악점,10
02175, 신림동걷고싶은문화의거리입구,10
02176, 보라매공원 보도육교,15
02178, 서울대학교 정문,20
02179, 양녕로 입구,7
02184, 구암초등학교 버스정류장,10
02185, 대학동 고시촌,10
02186, 낙성대입구삼거리,15
02187, 현대시장사거리,15
02189, 봉천역 4번출구,15
02190,도원맨션,12
02191,대학동주민센터,10
02195,은천교회,15
02196, 봉천역 3번출구,15
02198,사랑의병원,10
02199,신봉천주유소 A,8
02202,청계산입구역 1번출구,20
02203, 청계산입구역 2번출구,10
02205, 내곡3단지 어린이공원 앞,15
02206, 언남초등학교 앞,20
02207, 내곡파출소 뒤 정자,9
02210, 반포1동 주민센터 앞,10
02211, 서초구립반포도서관 앞,10
02212,서초현대4차아파트 201동 맞은편,14
02213, 고속터미널역 5번출구 앞,20
02214, 신반포역 2번출구 앞,15
02215, 반포종합운동장 입구,10
02217,아크로리버뷰 부지 앞,20
02219," 고속터미널역 8-1번, 8-2번 출구 사이",20
02221, 방일초교 마을버스 정류장,15
02222,사당역 12번출구 뒤,10
02223, 방배래미안 정문 앞,15
02225,백석예술대학교 제3캠퍼스 앞,10
02226, 신동아럭스빌아파트 앞,10
02227,방배열린문화센터 앞,15
02228,뒷벌공원 옆,15
02229,로고스교회 맞은 편,10
02230,이수역 4번 출구,20
02231, 삼성타운(삼성생명) A동 맞은편,17
02233, 서초신동아1차아파트 옆,13
02235,KT 서초지사 앞,10
02237,서울남부터미널 대합실 입구,20
02239,교대역 6번출구,10
02241,양재전화국 사거리,6
02242,양재역 11번 출구 앞,20
02243,서울가정법원,15
02244,교육개발원입구 교차로,20
02245,양재초등학교 맞은편,20
02246, 서울시 품질시험소 앞,10
02247,섬들근린공원,30
02248, 서초리슈빌S 글로벌 앞,10
02249, 우솔초등학교 맞은편,10
02250, 서초유치원 맞은편,10
02251, 더케이호텔 입구(양재2),10
02252, 잔디마을 마을버스 정류장,25
02255,양재시민의숲역(매헌) 1번출구,25
02256,양재동 꽃시장 입구,10
02257, 청계산 입구 삼거리,10
02258,구룡사 삼거리,20
02259, 잠원역 3번-4번 출구사이,15
02263, 바우뫼문화복지회관,20
02264, 이수역 1번출구,9
02265, 이수고가차도 남단,10
02266, 서초역 3번출구,15
02269, 주홍교 하부,15
02270, 서초포레스타 7단지,10
02271, 내방역 8번출구 앞,8
02272, 교대입구 교차로,10
02273, 일동제약 사거리,10
02274, 양재시민의숲역 3번출구,10
02275, 염곡치안센터 건너편,7
02276, 영동1교 (양재천근린공원),15
02277, 길마중4교 하부,10
02279, 교대역 5번출구뒤,10
02280, 서울서초고용센터앞,10
02281, 연세사랑병원신관앞,7
02282, 방배래미안아트힐 101동앞,10
02283, 그룹한빌딩옆,10
02284, CJ오쇼핑앞,15
02285, LH서초3단지 301동 맞은편,10
02286, 탑성마을입구,7
02287, 능안마을입구,10
02288, 안골마을입구,7
02289, 남태령역 2번출구,10
02293, SPC 앞,10
02294, 두상빌딩 앞,15
02297, 남부터미널역 1번출구,10
02299, 한전아트센터 앞,12
02301, 현대고등학교 건너편,10
02302, 교보타워 버스정류장(신논현역 3번출구 후면),10
02303, 논현역 10번출구,15
02304, 대현그린타워,10
02305, MCM 본사 직영점 앞,6
02306, 압구정역 2번 출구 옆,26
02307, 압구정 한양 3차 아파트,10
02308, 압구정파출소 앞,14
02309, 청담역(우리들병원 앞),10
02310, 청담동 맥도날드 옆(위치),10
02311, 학동로 래미안 아파트 앞,6
02312, 청담역 13번 출구 앞,10
02313, 금원빌딩 앞,10
02314, 청담나들목입구,10
02315, 봉은사역 5번출구 옆,10
02316, 삼성역 8번출구,20
02317, 삼성도로공원,10
02318, 삼성중앙역4번출구(문화센터더 리빌),16
02319, 포스코사거리 서측(수협 삼성동 지점),10
02320, 도곡역 대치지구대 방향,10
02321, 학여울역 사거리,10
02322, 삼성역 3번 출구,15
02323, 주식회사 오뚜기 정문 앞,10
02324, 천주교 대치 2동 교회 옆,10
02325, 대치삼성아파트 앞 교차로,10
02326, 대치동 삼성로,10
02327, 뱅뱅사거리 랜드마크타워 앞,15
02328, 르네상스 호텔 사거리 역삼지하보도 7번출구 앞,10
02329, 르네상스호텔사거리 역삼지하보도 2번출구,10
02330, 역삼월드메르디앙아파트 앞,10
02331, 동영문화센터앞,10
02332, 선릉역3번출구,8
02333, 양재역 3번출구 주변,15
02334, 삼호아파트 2동 ( 간선도로),12
02335, 3호선 매봉역 3번출구앞,15
02336, 강남세브란스교차로 래미안그레이튼 104동 앞,10
02337, 대모산입구역 2번출구 앞,10
02339, 현대아파트 정문 앞,10
02340, 삼호물산버스정류장(23370) 옆,17
02341, 일원역 4~5번 출구 사이,10
02342, 대청역 1번출구 뒤,15
02344, 리엔파크 2단지 앞,10
02347, 두산건설 본사,11
02348, 포스코사거리(기업은행),23
02349, 역삼빌딩 앞(하나은행 옆),12
02350, 래미안그레이튼102동앞,9
02351, 청소년수련관(수영장)앞,11
02352, 서울본부세관(건설회관 앞),6
02353, 강남구청역 2번출구 뒤,10
02354, 청담역 2번출구,5
02355, 삼성역 5~6번 출구 사이,20
02356, 강남구청,10
02357, 르네상스호텔사거리 역삼지하보도 3번출구 앞 (더 오번 빌딩 명동칼국수 앞),10
02358, 구룡초사거리 (현대아파트10동 앞 ),7
02359," 국립국악중,고교 정문 맞은편",10
02360, 도곡1동 주민센터 교차로,9
02362, 신사동 가로수길 입구,10
02363, 강남 을지병원 교차로,15
02364, 도산공원교차로,10
02365, K+ 타워 앞,15
02368, 도곡동 경남아파트 건너편,7
02369, KT선릉타워,20
02370, 한티역 3번출구,10
02371, 한국우편사업진흥원,6
02372, 대치역 사거리,10
02373, 개포동역 사거리,20
02375, 수서역 1번출구 앞,14
02376, 수서역 6번출구 앞,14
02377, 수서역 5번출구,9
02380, 삼성동베이직하우스앞,12
02381, 언주역 6번출구앞,8
02382, 역삼동 sk뷰 501동앞,6
02383, 보금자리정원,10
02384, 자곡사거리,15
02385, 학동역,10
02386, 크린랩 본사,10
02387, 래미안강남힐즈 사거리,10
02388, 강남구 도시관리공단,18
02389, 경기여자고등학교 후문 (삼성로3길 입구),15
02390, 구룡마을 입구 (래미안블레스티지 아파트),13
02391, 구룡터널 입구(개포1단지아파트),7
02392, 구룡산 입구 (구룡산 서울둘레길 입구),10
02394, 개포래미안포레스트아파트 107동 앞,10
02396, 영동3교 북단(우성캐릭터 앞 보도),15
02398, 더라움,10
02401, 밀알학교 입구 (삼성서울병원 입구),10
02403, 공무원연금매점 교차로 (개포주공9단지 입구),10
02404, 대모산입구역 4번 출구 앞,10
02405, 청담공원앞 교차로,14
02406, 논현동 광명빌딩 앞,10
02407, 역삼서초삼성 세무서 앞 (역삼빌딩 앞,10
02408, 강남한양수자인아파트,14
02409, 역삼동 디오슈페리움 (우성아파트 사거리),20
02410, 포스코피앤에스타워 (역삼역 3번출구 부근),10
02411, 세곡동 성당,15
02413,도곡역 1번 출구,20
02414, 도곡역 아카데미스위트 앞,20
02415,한티역 롯데백화점 앞,15
02416,한티역 6번 출구,10
02417,선정릉 디캠프(D.CAMP)앞,10
02418,봉은사역 7번 출구,10
02419,"봉은사역 1,2번 출구",13
02420,학여울역 사거리(LG베스트샵 앞),20
02421, 신논현역 4번출구,15
02422,수서동 성당 맞은편,10
02423,영희초교 사거리(래미안개포루체하임),10
02425,세곡동 사거리(대왕초등학교 정류장),20
02426,강남한신휴플러스 6단지,10
02427,개포고등학교 정문앞,10
02430,강남파이낸스센터앞(역삼역2번출구),10
02431,대치역 7번출구,10
02501, 서초 포레스타5단지,10
02502, 서초역1번출구 앞,9
02503, 반포1동 서초빌딩 앞,10
02504, 신사역 4번출구 뒤,10
02505, 우성아파트사거리 (기업은행앞),12
02506, LG유플러스 (방배사옥),10
02509, 심산기념문화센터,16
02510, JW타워,8
02511, 이수역 6번출구 앞,10
02514,사평역 2번출구,10
02515,서초초등학교 후문,15
02516,본마을 노인복지센터 앞,9
02517,서초그랑자이 앞,20
02518,서초동 현대아파트 앞,10
02519,서초2교(사임당로 방면),10
02520,서초1교 (진흥아파트 방면),20
02521,서초 크로바타워 앞,13
02523,뉴코아 킴스클럽 앞,10
02524,반포쇼핑타운 8동 앞,15
02525,반포쇼핑타운 2동 앞,20
02527,반포중학교 앞(세화여고 맞은편),10
02529,우리은행 방배동지점 앞,12
02530,삼호3차아파트 앞,15
02531,멤피스아파트 앞,20
02532,국립국악원 앞,13
02533,한가람미술관 앞,10
02535,신반포역 3번출구 뒤,10
02536,서초종합체육관 입구,10
02537,양재역 8번출구 앞,10
02538,사평리근린공원,10
02539,대한무역투자진흥공사 KOTRA 앞,20
02540,반포천 앞,10
02541,옛골 입구,10
02542,신논현타워 앞,10
02545,국립중앙도서관(국제회의장옆),15
02547, 반포래미안 리오센트,7
02548,반포1동 자율방범초소 옆,18
02549,LH 서초 4단지 403동,10
02550,양재동 꽃시장 건너편,10
02601, 석촌호수 아뜰리에,16
02603, 송파 글마루 도서관,10
02604, 풍납토성 서성벽터A,10
02605, 복정역 1번 출구 앞,15
02606, 위례동주민센터 맞은편 근린공원,15
02608, 송파구청,10
02609, 보성중고등학교 후문 앞,10
02611, 송파지역자활센터 뒤,7
02613, 잠실나들목,18
02614, 가락고등학교 앞,15
02615, 테라타워2,15
02616, 거여동 사거리,10
02617, 가락삼환아파트 앞,15
02618, 삼전역 1번출구,14
02619, 석촌고분역 4번출구,9
02620, 송파나루역 4번 출구옆,12
02621, 한성백제역 2번 출구,15
02622, 올림픽공원역 3번출구,20
02623,석촌동 주민센터,15
02625,가락종합 사회복지관,15
02626,"경찰병원역 1,2번 출구 사이",15
02627,문정시영아파트 5동 앞 공원,15
02628,문정역 1번출구,15
02630,서울방이동 고분군,12
02631,배명고등학교,15
02632,석촌고분역 2번 출구,9
02633,송파학사 옆,20
02634,위례포레샤인아파트 2318동,10
02635,잠실새내역 1번출구,21
02637, 아시아지하보도 14번 출구,15
02639,석촌역 8번출구,18
02641,송파역 4번출구,15
02642,마천동 성내천 쉼터,12
02643,풍납중학교 측면,10
02644, 성내5교,10
02645,잠실나들목2(엘스아파트136동),10
02646,레이크펠리스101동앞,15
02647,잠실 자전거 수리센터 앞,7
02648,헬리오시티 112동 앞,30
02649,오금공원사거리2,10
02650,위례22단지 2208동 다리앞,7
02651,경찰병원역 3번출구 앞,20
02652,송파 레미니스1단지 102동 앞,41
02653,올림픽공원사거리(선수촌아파트),25
02654,올림픽선수촌아파트 136동 앞,10
02655,송이공원,20
02656,풍납동 아이파크 107동 앞,10
02657,송파 파인타운 11단지,10
02658,가락몰 업무동,10
02659,서울친환경유통센터,10
02701, 마곡나루역 5번출구 뒤편,26
02702, 마곡 엠밸리2단지,20
02703,서울도시가스 앞,20
02704,홈플러스(강서점),10
02706,강서공업고등학교 앞,13
02707,한강아파트,13
02708,강서한강자이타워 앞,15
02709,강변아파트 310동 앞,20
02710,라이품 공영주차장 앞,30
02711,가로공원공영주차장 1번 출구,9
02712,화곡터널입구교차로,18
02713,우장초등학교 앞,13
02715,마곡나루역 2번 출구,25
02716,롯데 R&D 센터,20
02717,LG유플러스 마곡사옥,62
02718,마곡수명산파크1단지,20
02719,마곡문화공원,40
02720,힐스테이트에코,30
02721,등촌1-10단지 교차로,12
02723,마곡 필네이처,13
02724,(재)FITI시험연구원,25
02725,서울식물원 식물문화센터,20
02727,서울식물원 잔디마당 앞,25
02728,마곡나루역 3번 출구,55
02729,넥센 유니버시티 앞,30
02730,마곡메가박스 앞,30
02731,명덕고교,20
02732,마곡수명산 1-2단지,14
02733,마곡13단지 정문 앞,15
02737,까치산역 3번 출구,10
02739,수명산파크1단지교차로,20
02740,마곡레포츠센터,20
02741,마곡수명산파크5-6단지,8
02742,강서구민올림픽체육센터,10
02744,강서세무서 앞,25
02745,수명초등학교,9
02746,수명산파크 4단지 411동 앞,10
02801, 대륭포스트타워1차,30
02804,항동지구 6단지 602동 앞,10
02805,구로자원순환센터,10
02806,항동지구 4단지 입구,10
02807,항동지구 1단지 105동 앞,10
02808,항동지구 2단지 202동 앞,10
02809,항동지구 11단지 1103동 앞,10
02810,항동지구 3단지 311동 앞,10
02812,항동프라자,15
02813,항동지구 3단지 302동 앞,10
02814,항동지구 10단지 1001동 앞,10
02815,항동지구 7단지 정문,12
02816,항동지구 8단지 803동옆(주차장입구),14
02817,천왕이펜하우스5단지 앞,10
02818,천왕이펜하우스3단지 앞,14
02819,하늘숲초등학교 앞,20
02820,신세기아파트 앞,10
02821,청구아파트 앞,10
02822,제니스스포츠 앞,14
02823,중앙유통단지 앞,10
02824,미래사랑어린이공원 앞,10
02825,초롱타운 앞,10
02826,가마산지하보도 옆,10
02901,공릉동풍림아파트 101동,8
02902,공릉풍림아파트 108동,12
02903,월계초안아파트 1단지,10
02904,중계3차청구아파트,8
02907, 월계중학교,15
02908, 광운대학교 중앙도서관,20
02909, 석계역 3번 출구,13
02910,도깨비시장,10
02911,상계역중앙시장,7
02912,대진고등학교,20
02913,상계8동 주민센터,17
02914,서울과학기술대학교(미래관),10
02915,서울과학기술대학교(어학교육원),35
02917,신창중학교 후문 맞은편 버스정류장,10
02919,등나무 근린공원(시립북서울미술관 앞),16
02920,상계중학교(당현2교사거리),14
02921,중계역 2번출구,10
03002,벽산상암스마트큐브,10
03003,래미안신공덕3차아파트,5
03005,마포구청 청사내,10
03006, 상암월드컵파크5단지(상암중학교),10
03007,MBC 앞,10
03008,DMC역7번출구,10
03009,홍대입구역 사거리,10
03010,홍대입구역 3번출구,15
03013,서울지방고용노동청 앞,10
03100, 북성초교,8
03101, 서대문구청,15
03102, 연희삼거리,10
03103, 홍제삼거리 북측,8
03104, e편한세상 신촌4단지 앞,13
03105, 홍은센트레빌 아파트 앞,9
03109,북한산더? 106동 앞,10
03110,홍은 현대아이파크 아파트 202동 앞,15
03111,무악재역 4번 출구,10
03113,독립문 앞,15
03114,충정로역 3번 출구,7
03115,북아현 치안센터 인근,20
03116,신촌역 4번출구,10
03117,이화여대 인문관 인근,10
03119,연희 브라운스톤 아파트 앞,10
03120,DMC엘가아파트 앞,12
03121,가좌삼거리,15
03122,북가좌삼거리2,20
03123,DMC파크뷰자이1단지 110동 앞,30
03125,연희파크푸르지오아파트 앞,20
03127,홍은2파출소 옆,10
03128,동신병원 맞은편,7
03129,DMC래미안e편한세상203동옆,20
03130,가재울사거리,20
03131,연가교 교차로,15
03132,홍제교,10
03134,SK리쳄블(상수도사업본부),10
03201,당산skv1센터,9
03202,당산롯데캐슬프레스티지,15
03203,도림동배드민턴체육관,10
03204,도림고가도로 밑,10
03205,문래현대2차,10
03206,문래동 주민센터,15
03207,양남사거리1,12
03211,신길 래미안 프레비뉴,15
03212,신풍역 6번출구,10
03214,영등포 푸르지오 아파트 A,10
03215,강변삼성래미안,15
03219,영등포역 1번출구,10
03220,래미안에스티움 앞 (신풍로),20
03221,서울특별시 남부교육지원청,10
03305,낙성대역 8번 출구,10
03310,영락고등학교,15
03311,서울대입구역 4번 출구,12
03401,창신두산아파트,10
03402,이화공영주차장,10
03404,서울특별시 중부교육지원청,9
03405,파크팰리스,10
03407,안국동사거리(신),18
03408,종로타워빌딩,13
03410,종로3가역 8번출구,10
03411,종묘,10
03412,세운상가,15
03413,종로플레이스,22
03414,종로5가역 4번출구,10
03415,동대문역6번출구,15
03416,동묘앞역 6번출구,15
03417,창신3동주민센터,12
03418,창신역2번 출구,10
03419,국립어린이과학관,14
03420, 성균관대입구 사거리 B,10
03421,혜화역 1번출구,10
03422,성균관대 정문,23
03425,광화문 풍림스페이스본 1단지앞,7
03426,독립문역 2번출구 뒤,10
03427,인왕산 아이파크 정문,8
03428,서울미술관,10
03429,HW컨벤션센터 앞,10
03431,로제우스 레포츠센터,10
03432,종로2가 사거리,15
03500, 군자역2번출구,7
03501, 광진구청 앞,10
03502, 중곡역 1번출구,18
03503, 광진유진스웰,14
03504, 원일교회,8
03505, 신양초교앞 교차로,12
03506, 영동대교 북단,10
03507, 어린이회관,25
03508, 화양사거리,7
03509, 세종사이버대학교,20
03510, 중곡SK아파트앞,10
03511, 응봉역 1번출구,10
03513, 상왕십리역 1번출구,15
03514, 왕십리교회옆,10
03515, 서울숲 관리사무소,20
03516, 구의아리수정수센터앞,15
03517, 용마사거리,10
03518, 군자역 7번출구뒤,8
03521, 현대홈타운 뒷길,10
03523, 건국대학교 과학관(이과대) 앞,10
03525, 금호스포츠센터앞,15
03527, 왕십리 자이아파트(101동 앞),5
03528, 광진정보도서관,8
03529, 어린이대공원정문,15
03530, 왕십리자이아파트 후문(삼거리),10
03531, 논골사거리(금호도서관 입구),10
03532, 왕십리KCC스위첸아파트,9
03533, 건대입구역 사거리(롯데백화점),10
03534, 건대입구역 5번출구 뒤,12
03536, 중앙농협(자양동),10
03537, 아차산 휴먼시아 아파트 옆,15
03539, 서원마을,10
03542, 래미안 구의파크 스위트,17
03543, 세종대학교(학술정보원),15
03544,한양대역 3번 출구,10
03545,한양대역 1번출구,10
03547,상왕십리역 6번 출입구,12
03548,뚝섬역 6번출구,10
03549,건영아파트 앞,9
03550,금호나들목,20
03551,성동도로사업소,10
03552,서울숲 공영주차장앞,19
03553,마장역3번출구,10
03555,양지사거리(센트라스APT 115동앞),10
03556,신금호파크자이APT앞,10
03557,서울숲리버뷰자이APT105동 앞,8
03558,마장동 금호어울림APT앞,10
03559,성동구민종합체육센터 앞,10
03560,성동구 견인차량 보관소 앞,22
03561,행당동 삼부APT후문,10
03563,구의7단지현대아파트,5
03566,우성4차아파트,10
03569,건대병원후문,12
03570,구의역 리버비스타 오피스텔,10
03571,화양 APT(횡단보도 옆),15
03573,광나루안전체험관,15
03575, 자양사거리(서원빌딩),6
03579,광진 캠퍼스시티,20
03581,광진광장,15
03582,화양동 우체국,14
03586,군자역 비채온 오피스텔,8
03587,우성식품 앞,15
03588,세종대학교(영실관),10
03600,사근빗물펌프장 건너편,7
03602, 한국지역난방공사강남지사,5
03603, 삼성역 2번출구,10
03604, 삼성중앙역 5번출구,15
03605, 봉은사역6번출구(현대아이파크타워앞),10
03606, 신사동주민센터 옆,10
03609, 언주초등학교 입구,16
03610, 윗반마을 입구,10
03611, 방죽마을 입구,16
03612, 은곡마을,10
03614, 은마아파트 입구 사거리,10
03615, 서울 논현동우체국 앞,10
03616, 역삼중학교 앞(체육관 방향),10
03618, 서울율현초교 삼거리,10
03620, 청담역 11번 출구,10
03621, 휘문고교 사거리,10
03622, 은마아파트입구 사거리(1),7
03623, 일원에코파크 앞(개포로 방면),10
03624, 대모산입구역 7번 출구 앞,10
03627, 압구정나들목,10
03628, 역삼1동 주민센터,10
03629, 청담사거리(신한오피스텔빌딩 앞),4
03630, 개포우성6차아파트 정문 앞,10
03634, 국악고교 앞 교차로,5
03636, 삼성중앙역·플래티넘아파트 정류소,5
03637, 세곡데이케어센터,10
03638, 신청담나들목,5
03640, 일원1동주민센터앞 사거리,7
03641, 대청역,10
03642, LH강남힐스테이트아파트,13
03643, 더시그넘하우스 앞,5
03644, 상록수아파트,5
03646, 선정릉역 4번 출구,7
03647, 구룡역 1번 출구,10
03648, 구룡역 4번 출구,5
03649, 구룡역 5번 출구,6
03651, 개포동역 4번출구,5
03652, 한영외국어고등학교,10
03653, 강동리버스트4단지아파트 404동 앞,10
03654, 강동리버스트4단지아파트 405동 앞,10
03655, 둔촌신성미소지움아파트,10
03656, 둔촌푸르지오아파트,20
03657, 서울천호동우체국,12
03658, 프라이어팰리스아파트,10
03659, 명일초등학교 옆,10
03661, 명일동신동아아파트 앞,10
03663, 암사정수센터교차로(강동롯데캐슬퍼스트아파트),10
03664, 맥도날드 서울둔촌DT점 앞,12
03665, 고덕센트럴 아이파크상가 앞,12
03668, 성내삼성아파트,10
03671, 둔촌동역교차로,10
03673, 강동리버스트6단지,10
03674, 강동리버스트7단지,10
03675, 강동리버스트8단지,20
03676, 강동리엔파크9단지,10
03680, 강동역3번출구,6
03681, 길동 마루빌딩,10
03682, 길동 동호빌딩,10
03683, KT&G강동지사,10
03684, 고덕자이(105동 앞),10
03685, 강동리엔파크14단지(1401동 앞),15
03686, 고덕 래미안 힐스테이트(101동),8
03688, 상일동산(동아아파트앞 교차로),10
03689, 강일역 3번출구,20
03690, 강일역 4번출구,23
03691, 둔촌역 2번출구,20
03692, 둔촌오륜역 1번 출구,10
03694,강동리엔파크 13단지(1303동 앞),14
03698, 명일역 3번출구 옆,6
03699, 상일파출소 옆,15
03700, 강변그대가리버뷰 입구 맞은편,8
03701, 방아삼거리,8
03703,삼양입구삼거리,10
03707, 드래곤타워 앞,10
03714, 송천센트레빌,10
03718,번동3단지 버스정류장,11
03724,삼양동주민센터 앞,20
03725,강북 청소년 문화정보도서관 앞,5
03726,삼양동사거리,6
03753, 공항중학교 버스정류장,10
03754, 신방화역 8번출구,10
03756, 마곡힐스테이트 정문,10
03757, 신방화역 6번출구,10
03758, 서울남부출입국관리소,10
03759, 이대서울병원,25
03760, 발산역 8번 출구,17
03761, 나이아가라관광호텔,10
03762, 마곡9단지 907동앞,10
03763, 등촌태영아파트,18
03764, 관문주유소(GS칼택스) 앞,10
03765, 문소빌딩,10
03766, 강서문화센터,10
03767, 대원빌딩,10
03770, 남부순환로 205,10
03772, 길성그랑프리텔아파트,15
03774, 마곡9단지 910동 상가앞,10
03775, 가양오토갤러리,10
03776, 김포공항사거리,10
03778, 김포공항입구 교차로,10
03779, 유광사여성병원,10
03780, 등촌서광아파트,22
03781, 강서아동복지센터,12
03782, 겸재정선미술관,10
03783, 마곡금호어울림아파트,10
03784, 벽산아파트,10
03785, 마곡14단지 1408동앞,20
03786, 강서힐스테이트 상가 앞,9
03788, 정곡나들목,15
03789, 염창나들목,35
03792, 화곡본동시장 입구,10
03793, 더리브골드타워,10
03794, 안양천합수부(현대3차아파트),20
03796, 송정역 3번출구 앞,8
03797, 마곡수명산파크7단지 710동 앞,10
03798, 그랜드아이파크아파트 앞,11
03799, 국립항공박물관,5
03801, 이랜드글로벌R&D센터,10
03802, 관악구민체육센터,8
03803, 남서울중학교,7
03804, 낙성대공원,10
03806, 낙성대 교수아파트,10
03807, 관악우체국 교차로,12
03811,신사로입구,10
03812, KT관악지점,10
03813, 낙성대역 5번출구,7
03814, 난곡사거리,10
03815, 광일빌딩,7
03816, 관악 GSfresh,8
03818, 은천교회 앞,10
03819, 서울대벤처타운역,13
03820, 은천삼거리,8
03853, 어린이대공원역 2번출구,18
03860, 건국대학교 정문 앞,10
03863, 동일로58길 입구,10
03864, 광진소방서 앞,11
03865, 이튼타워리버 2차,8
03868, 자양한강도서관,10
03873, 동서울우편집중국 앞,8
03878, 장로회신학대학교 주기철 기념관,15
03879, 중랑천 뚝방길 산책로 입구,7
03880, 홍련봉 공원,13
03881, 신자초교입구 교차로,7
03882, 자양2동 주민센터,3
03886,광진구 민방위교육센터,5
03890,웰츠타워 오피스텔,7
03894,노룬산시장앞,8
03899,아차산역 2번출구,10
03900,건국대학교 신공학관,10
03902, 항동지구5단지 501동 앞,16
03903, 현대아파트 앞,10
03904, 테크노마트 앞,10
03905, 희훈타워빌 앞,15
03906, 천왕차량사업소 입구,8
03907, 신도림7차e편한세상아파트 806동 앞,10
03908, 오류동 다숲오피스텔 앞,10
03910, 목양전원교회 앞 로터리,10
03911, 항동하버리안2단지아파트 후문,10
03912, 삼호아파트 앞,10
03914, 신도림쌍용플래티넘노블아파트 앞,10
03915, 동선아파트 앞,10
03917, 성공회대학교,10
03918, 이좋은집오피스텔 앞,10
03919, 구로역·NC신구로점 버스정류장(구로역 방면),14
03920, 개봉역2번출구 B,10
03922, 서울남부교정시설 앞,16
03923, 구로공구상가 앞,10
03924, 오류동 계림웨스트밸리 앞,10
03925, 중앙유통단지 앞 B,10
03927,구로월드아파트 앞,9
03928,고척아이파크아파트 106동 앞,10
03929,고척아이파크아파트 205동 앞,15
03930,온수역 2번 출구 앞,8
03931,천왕역 3번 출구 뒤,7
03932,개봉센트레빌레우스아파트 앞,10
03933,오류동부골든아파트 후문 옆,10
03934,철도교통관제센터 정문 앞,7
03935,고대구로병원 앞,10
03936,힐스테이트 신도림역,10
03937,개봉역 신영지웰에스테이트,10
03939,신도림역 3번출구,15
03956, 대륭테크노타운21차 앞,10
03958, 롯데캐슬2차 마을버스 정류장(18804) 뒤편,10
03959, 시흥사거리(시흥동 994-3 앞),10
03963, 에이스 하드웨어(시흥대로 396) 앞,10
03966, 독산역1번출구 B,8
03967, 혜명양로원 담장 옆(2),16
03968, 독산동 현대홈타운 금천과선교 앞,10
03969, 독산역 롯데캐슬 104동 앞,20
03970, 시흥4동주민센터 앞,6
03971, 순흥안씨묘 건너편,11
03972, 산기슭공원 앞,6
03973, 독산2동주민센터 앞,7
03974, 안천중학교,10
03975,현대시티아울렛 가산,10
03980, 금천현대홈타운 후문 서부샛길,5
03983, 금천구청역 1번 출구,10
03984, 가산롯데아이티캐슬,5
03985, 디폴리스 지식산업센터,20
03986,청년주택 독산동점,5
03987,LG전자가산A와 가산테라타워 사이,10
03988,엘아르베뉴 102동 앞,5
03989,가산디지털단지 9번출구 인근,10
04002, 상계주공 14단지 상가 앞,10
04004, 당고개입구오거리 당현천변,10
04005, 중계2차 한화꿈에그린 101동 인근,10
04007, 노원 을지대학교 병원,9
04008, 하계 어린이 공원,10
04009, 월계프라자,20
04011, 월계 센트럴 아이파크,10
04013, 중계 롯데마트,20
04014, 당고개역 3번 출구,10
04016, 노원 마들스타디움,10
04017, 월계 청백1단지 아파트 정류장,20
04018, 상계주공15단지 버스정류소,8
04019, 상계주공10단지 버스정류소,7
04020, 중계동 성모빌딩 앞,10
04021, 중계본동 입구,10
04023, 월계역 1번 출구,10
04024, 꿈의숲 SK뷰 아파트,10
04025, 한천교 동편,10
04026, 상계주공1단지아파트,10
04027, 한내 행복발전소 옆,10
04028, 한일유앤아이아파트 105동 인근,10
04029, 청소년수련관 후문,8
04031, 청암예술학교 앞,10
04032,불암주유소 앞,10
04033, 녹천역 4번 출구 옆,9
04035, 휴플러스 수락한신아파트 101동 앞,6
04036, 하계역 6번출구,9
04037, 물넘이교,15
04039, 서울시 북부여성발전센터,10
04040, 공릉로 26길,10
04041, 공릉역3번출구,8
04042, 상계문화정보도서관,10
04043, 상계주공13단지 1301동,10
04044, 공릉산 백세문 입구,4
04045, 은하수 공원,8
04054, 창동한신아파트 버스정류소,10
04058, 다락원체육공원 전망대 입구,15
04062, 평화도봉공원 주변,9
04064, 신창아파트 입구 앞,10
04073,방아골종합사회복지관,10
04074, 도봉구육아종합지원센터(창동),10
04076, 도봉통합복지센터 뒤 중랑천 변,10
04077, 도봉제1교,6
04078, 원당공원 앞,8
04080, 창동주공19단지앞,4
04083,도봉아이나라도서관 앞,8
04084, 도봉동실내스포츠센터,10
04086, 도봉로 534,10
04087, 우이교 교차로,10
04088,김근태도서관,15
04089, 동부센트레빌 앞,10
04090,녹천교 앞 사거리,15
04091,방학역2번출구,10
04092,도봉경찰서 교차로,10
04094,도봉여성센터,6
04095,방학브라운스톤아파트,8
04096,창동역2번출구 하나은행365 앞,8
04097,숭미파출소 사거리 (쌍문동 시티프라디움 앞),8
04102, 휘경1동주민센터 앞,7
04103, 휘경sk뷰아파트 앞,10
04104, 외대앞역 교차로,10
04105, 서울교통공사사거리 교통섬,10
04107, 장안동근린공원 입구,10
04108, 답십리파크자이아파트 앞,10
04110, 용두롯데캐슬리치아파트 앞,10
04113, 한국국방연구원 앞,10
04114, 휘경여중고삼거리,10
04116, 이문e편한세상아파트 앞,10
04117, 휘경119안전센터 앞,10
04121, 서울문화재단 앞,15
04122, 청계9가교차로 앞,10
04123, 배봉초교 교차로,10
04128, 종암초등학교 뒤(새울센스빌),5
04131, 베네스트 오피스텔 앞,8
04132,이문삼익아파트 앞,10
04133,래미안허브리츠아파트 앞,7
04134,제기동 현대아파트 앞,10
04135,삼성생명 앞,18
04136,롯데캐슬SKY-L65 D동 앞,7
04137,답십리역 4번출구,10
04138,답십리 사거리,5
04139,조일빌딩 앞,7
04140,신설동역 4번출구,7
04141,우리은행장안지점 앞,6
04142,현대썬앤빌 앞,6
04143,서울동물복지지원센터 동대문,5
04144,시립대학교 박물관 앞,10
04145,청량리동 주민센터,5
04146,이삭어린이공원,7
04147,청량리역 광장,35
04152, 상도효성해링턴플레이스,10
04153, 흑석동효사정앞,10
04158, 노량진근린공원,10
04162, 노량진1동 청소년독서실,10
04167, 구로교 아래,25
04169, 신대방삼거리,10
04173, 중대후문 마을버스정류장,7
04175, 대방역2번출구,10
04177, 롯데캐슬 101동 앞,8
04178, 이수성결교회 옆,10
04179, 보라매병원역 1번출구,10
04180, 흑석동주민센터 입구,4
04181, 보라매공원역 2번출구,6
04182,보라매병원역 2번출구,10
04202, 프런트원(공덕역4번출구 앞),9
04206, 광흥창역5번출구,7
04207, 아만티호텔 앞,10
04208, 스타벅스(동교동) 앞,10
04210, 가좌행복주택 앞,7
04211, 시석빌딩 앞,8
04212, 한화오벨리스크 앞,10
04213, 마포구중앙도서관 정문 앞,15
04214, JTBC 앞,10
04216, 망원정 앞,10
04217, 한강공원 망원나들목,20
04218, 디지털매직스페이스,13
04220, 신촌 청년주택,10
04221, 솔리스타오피스텔(공덕동주민센터),13
04222, 서울디자인고등학교 앞,5
04224, 서부운전면허시험장,5
04226, 마포프레스티지자이 1,14
04233, 코오롱아파트사거리,10
04234, 에스테반,10
04238, 상암한샘빌딩앞,7
04240, 아현문화건강센터,8
04244, 당인리발전소 공원 앞,10
04246, 상수역새마을금고,5
04247, 서울서부지방법원등기국앞,10
04248, 신촌 교보빌딩,10
04253, 홍은도담도서관,5
04255, 래미안 루센티아 아파트 108동 앞,21
04264, 홍남교 버스정류장,5
04266,국민연금공단충정로사옥,9
04267, 서대문역 2번 출구,6
04269, 연희IC 남측,8
04270, 우국한마음 아파트 맞은편,5
04271, 충정로역 1번 출구,7
04272, 홍남교 사거리,7
04273, 홍연2교 사거리,7
04274, 신촌 파랑고래 입구,10
04275,농협생명본사빌딩 서관,10
04277,서대문우체국 정류소 옆,5
04278,홍은2동주민센터,5
04280,북가좌2동 주민센터,5
04281,명지대 사거리(2),10
04303, 매헌역 2번출구앞광역버스 정류장앞(22-297),8
04304, 서울고앞,10
04305, 서일스포츠센터,8
04306, 서래공원 앞,10
04307, 고투몰 gate 15옆,10
04309, 서초케이타운앞,5
04310, 염곡동(염통골) 입구,6
04312, 반포미도2차아파트 옆,10
04313, 반포종합운동장,10
04315, 이투스교육 앞,10
04316, 고속터미널역 3번출구,25
04317, 양재근린공원,5
04318, 방배역 2번 출구,5
04319, 삼성전자R&D어린이집 뒤,7
04320, 신영체르니 아파트,11
04322,서울추모공원 입구,15
04323, 내곡도서관,10
04324, 세화고등학교,5
04327, 몽마르뜨공원입구,11
04329, SC제일은행 양재동지점 앞,8
04332, 이수교차로,5
04333, 서울고등학교 건너편,5
04334, 인재개발원 데이터센터,7
04336,서울교육청 교육연수원 앞,10
04337,우면산등산로입구,10
04338,새정이마을 버스정류장 앞,5
04340,방배래미안아트힐아파트 앞,5
04341,영동1교 북단,5
04343,헌인릉 입구,5
04344,양재대로(구룡지하차도 앞),5
04345,반포역 4번출구,6
04346,장학재단빌딩 앞,7
04347,논현지하보도,10
04348,사당역 1번출구,5
04349,삼성화재서초타워,6
04350,누리숲어린이공원 앞,5
04351,서울AI허브 앞,7
04353, 코오롱디지털타워 3차앞,8
04360, 르노삼성자동차 성수사업소 앞,15
04362, 행당중학교 후문,8
04363, 신금호역 2번출구 앞,4
04367, kt 행당빌딩 앞,5
04370,성동교 사거리,9
04373, 서울숲 지식산업센터,11
04377, 우영테크노센터 앞,8
04381, 더스페이스타워 앞,8
04382, 페코텍글로벌허브빌딩 앞,7
04383, 푸조비즈타워 앞,4
04385, 용답동 우체국 주변,5
04386, 현대자동차 동부서비스센터 주변,5
04387, 성수역 1번출구 주변,8
04389,서울숲역3번출구,5
04390,신답역 1번출구,5
04393,상원삼거리 장안철교 아래,10
04394,서울시립24시간게스트하우스,2
04396,마장축산물시장 서문 인근,8
04397,마장축산물시장 북문 건너편,14
04398,유원지식산업센터 앞,12
04399,더리브 세종타워 앞,7
04401,뚝섬유수지 공영주차장,10
04406, 장곡초등학교 앞,10
04411, 동산어린이공원 앞,5
04414, 안암역 3번 출구,8
04415, 미아초교버스승강장,7
04417, 성북청소년문화의집,10
04418, 종암동 동덕여대 제2생활관 앞,8
04419, 성북구 한예종 캠퍼스 본관,6
04420, 성북구 한예종 캠퍼스 별관,6
04421, 롯데캐슬클라시아 입구 앞,10
04423,현대백화점 미아점,10
04425,하늘채코오롱아파트 앞,10
04427,동일하이빌뉴시티,10
04428,돈암동부센트레빌상가,7
04452, 삼성SDS,10
04453, 위례중앙푸르지오 201동 앞,15
04454, 위례 포레샤인 1809동 부근,15
04457, 아산병원 기숙사 부근,50
04458, 가락2동주민센터 인근,10
04460, 올림픽훼미리아파트 112동 앞,8
04461, 한양3차아파트 3동 앞,7
04462, 가락중학교 앞,8
04463, 방이역 2번 출구,10
04464, 올림픽공원 북2문 A,15
04465, 건영아파트앞 사거리,10
04468, 가락1동주민센터,15
04469, 거여동 어울림아파트 102동앞,10
04472, 송파파크데일 1단지 115동 건너편,10
04473, 마천금호어울림 1차 102동앞,10
04474, 가락현대 1차 11동 앞,10
04475, 송파파인타운 4단지 403동,10
04478, 문정근린공원2,10
04479, 문정중학교,10
04480, 가락시장 남1문 사거리,10
04481, 올림픽공원 북2문 B,25
04483, 잠실나들목4,10
04484, 잠실나루역4번출구뒤,10
04485, 잠실나루역 고가하부,10
04486, 홈플러스 잠실점,10
04488, 문현중고등학교 사이,10
04490, 송파파인타운 10단지 1005동,10
04491, 장지역 1번출구,10
04493, 마천사거리 2,10
04496, 잠실 파크리오 120동 앞,10
04497, 아시아선수촌아파트 교차로,20
04499, 세양청마루 101동 앞,10
04507, 신정제일시장,10
04508, 유원목동아파트 103동 앞,10
04509, 서울영상고교 입구,15
04510, 신정네거리역 교차로,13
04512, 목동13_14단지 사거리,15
04514, 목동성당 앞,20
04515, 동문굿모닝탑,10
04517, 성보하이드로빌딩,10
04518, 청기와빌딩,10
04519, 양원보도육교,8
04520, 대성유니드아파트,10
04522, 신곡시장,10
04523, 구립양천어르신요양센터,20
04526, 목동아파트2단지 222동 앞,10
04527, 목동신시가지아파트6단지,15
04528, 양천구청역 1번출구,8
04530, 방아다리어린이공원,10
04531, 목동아파트 613동 앞,10
04532, 목동현대아파트 후문 앞,10
04535, 목동12단지 아파트,10
04536, 양천해누리체육공원,23
04537, 서울남부지방검찰청 후문,6
04538, 양천공영차고지,10
04539, 목동7단지아파트 A상가,8
04540, 목동역 3번 출구,10
04541, 갈산문화예술센터,9
04542, 월정초 사거리,5
04543, 오목교역 6번 출구,9
04544,경창시장,8
04545,청소년음악센터,10
04546,목동운동장 주경기장,14
04547,목동역 2번출구,15
04548,신목동역 1번 출구,7
04549,목동4단지 아파트,10
04552, 코레일유통본사,10
04553, 당산삼성2차아파트,10
04555, 대림우성2차아파트,10
04556, 리버뷰신안인스빌1차 후문,10
04557, 리버뷰신안인스빌2차 후문,10
04558, 대영중고 후문,10
04559, 신길역 2번출구,10
04560, 양평동성원아파트,10
04561, 양평역 1번출구,10
04563, 여의도 은하아파트,10
04564, 63스퀘어,10
04565, 영등포 신세계백화점,10
04566, 대림성원상떼빌아파트,15
04567, 한림대학교 강남성심병원 신관,10
04569, 힐스테이트클래시안아파트,10
04571, 문래동롯데캐슬아파트,10
04573, 두산위브아파트,10
04574, 영등포시장역 포레나영등포,9
04575, 대림동 e편한세상영등포아델포레,10
04576,보라매sk뷰 108동 앞,15
04578,보라매sk뷰,10
04579, 국회의사당 본관,10
04580,국회제2의원회관,12
04581, 국회소통관,12
04582, 국회도서관,12
04583, 의정관,12
04584, 국회2문,8
04585, 국회6문,6
04588,양남사거리2,10
04589, KRX한국거래소(1),18
04591, 신길자이아파트,20
04592, 신길우성4차아파트,14
04594, 양평교 영등포대여소,15
04598, 오목교 동측 지하보도,9
04599, 대림우성아파트 사거리,15
04600, 영등포구 총괄 우체국,10
04601,양평역2번출구 뒤,10
04603, 한강GS에클라트 건너편 교통섬,10
04604, 원효로다목적체육관 앞,15
04607, 국립중앙박물관 -용산가족공원 앞,10
04608, 국립중앙박물관 정문 앞,10
04609, 파크타워 104동 앞,10
04610, 한남나인원 105동 앞,10
04611, 국제루터교회 앞,10
04612, 한남 준 JFSS 앞,8
04613, 서울갤러리아 앞,7
04615, 크라운호텔앞 버스정류소,7
04616, 신용산지하차도 앞,15
04617, 동원베네스트 건너편,6
04618, 풍전아파트 건너편,10
04619, 한강트럼프월드3차 앞,10
04620, 삼각지역 14번 출구 앞(교통섬),8
04621, 남산도서관 앞,12
04622, 한강중학교 앞 버스정류장,6
04623, 라인프랜즈이태원점 앞,10
04625, 용산공원갤러리앞,8
04627, 효창공원앞역 5번출구 옆,7
04629, 한강초교보도육교 앞,8
04632, 용산 푸르지오 파크타운 1단지 앞,6
04633, 센트럴파크타워 앞,16
04634, 이태원역 3번 출구,5
04636, 용산구꿈나무종합타운 앞,8
04637, 용산시티파크 101동 앞,10
04638, 청파동삼거리 앞,10
04639, 동빙고근린공원,10
04640, 원효로2가 교차로,8
04641, 아메리칸센터,10
04642, 용산더프라임아파트 101동 앞,10
04643,한가람아파트 앞,7
04652, 신사두산위브2차아파트 앞,10
04653, 불광역 9번 출구 맞은편,10
04657, 본 서부병원 교차로 사거리,17
04658, 녹번역1번출구앞,10
04659, 신진과학기술고등학교 버스정류장(응암시장 방면),10
04663," 불광역3,6호선 버스정류장(동명여고 방면)",10
04665, 응암역3번 출구(서부경찰서 방면),10
04667, 폭포동입구 교차로,10
04668, 기자촌사거리 B,10
04671, 청구성심병원 앞,10
04672, 준빌딩 앞,10
04674, 녹번역e편한세상 캐슬 정문 앞,10
04676, 갈현1동 주민센터,9
04677, 백련산 SK뷰 아이파크 해모로 아파트 앞,10
04678, 백련산로 녹번센트레빌,10
04681,박석고개(은평소방서) 앞,6
04683, 은평 성모병원 사거리,10
04684, 응암2동주민센터 버스정류장(영락중학교 방면),10
04685, DMC역 5번 출구(수색역 방향),25
04686, 우물골 근린공원,7
04687, 역촌센트레빌아파트 101동 앞,10
04689,은평서해그랑블아파트앞,10
04690,은평뉴타운폭포동 힐스테이트4단지,5
04693,수색감리교회,6
04703, 쌍용아파트2단지 정문,8
04705, 웰니스센터(민방위교육장 앞),6
04707, 청계3가 사거리,5
04708, 조계사앞사거리,6
04710, 자교교회 앞,8
04711, 올림픽기념 국민생활관 로터리,10
04713, 현대 뜨레비앙 아파트 앞,7
04715, 돈의문 박물관 마을,15
04718, 광화문역 6번출구 옆 A,10
04719, 종로문화원 건너편,15
04721,통인시장 정자,8
04752, 삼성사이버빌리지아파트,7
04753, 시청역 10번출구,10
04760, 서울역 7번출구,10
04761, 중부경찰서앞사거리 건너편,10
04762, 국제빌딩,10
04765, 동대문디자인플라자,20
04766, 서소문성지역사박물관,23
04772, 중앙일보,10
04774, 을지로입구역 8번출구,9
04775, 을지로지하쇼핑센터,10
04776, 신세계면세점,10
04777, 약수동 주민센터,8
04781, 브라운스위트레지던스,10
04782, 서소문역사공원,10
04784, 중부경찰서앞 사거리,10
04785, 롯데시티호텔,8
04791, 명동역9번 출구,10
04792, 퇴계로4가 교차로(중구청),10
04793, 동대문역사문화공원역 5번출구,10
04794, 서울역 서부교차로(3),8
04796, 부산은행,10
04797, KG타워 앞,13
04798, 황학동롯데캐슬,10
04800, 필동 삼거리,5
04801, 충정로역 2호선(엘리베이터 앞),5
04802, 새우개마을,8
04803, 상봉2동 주민센터 앞,5
04804, 동서울농협 앞,9
04807, 라코지스테이 앞,8
04808, 신내2동 주민센터 앞,8
04809," 동성1,2차 아파트 앞",8
04811, 한양수자인아파트 앞,10
04812, 묵동 이마트 앞,10
04813, 망우지구대,10
04815, 중랑데시앙플렉스 앞,8
04819, 면목동 새싹어린이공원 앞,10
04820, 망우역 2번 출구,8
04823, 방정환교육지원센터 옆,8
04824, 상봉신협 앞,7
04825, 신내동 벽산아파트 후문 앞,8
04826, 홈플러스 면목점,8
04827, 신내SK V1센터 앞,20
04828, 신내동 한살림 중랑지구 앞,5
04829, 신내동 한살림 중랑지구 건너편,5
04830, 신내 우디안 111동 앞,7
04834, 용마복지센터 앞,8
04835, 망우동 본죽 앞,7
04836, 양원역 1번 출구,15
04837, 양원지구 힐데스하임 앞,14
04838,동원사거리 행복오피스텔 앞,7
04840, 서울시 북부병원 앞,7
04841,중화수경공원,15
04842,면목라온프라이빗 아파트,20
04843,봉화산역 4번 출구,8
04845,신내역금강펜테리움센트럴파크,10
04846,상봉동양엔파트 앞,7
04847,신내역시티프라디움 앞,5
04852, 서울복합물류 게이트 1,10
04854, 가락시장역 2번 출구,10
04855, 거여5단지 503동 앞,10
04856, 올림픽공원 서1문 앞,10
04857, 올림픽공원 장미광장,15
04859, 잠실나루 나들목,15
04860, 가락쌍용2차아파트 103동,7
04862, 성내교 남단,10
04863, 잠실나들목5,7
04864, 송파사거리,10
04865, 한성백제역 1번출구 뒤,5
04867, 가락대림아파트 앞,10
04868, 석촌호수 서호 남단,10
04870, 몽촌토성역 3번 출구,10
04871, 오금동 대림아파트 정문,7
04872, 개롱역 3번 출구 뒤,7
04873, 개롱역사거리 2번 출구,7
04874, 탄천1교 하부보도,10
04875, 위례포레샤인13단지,4
04879, 마천청소년센터,5
04880, 송파청소년센터,9
04881, 거여동사거리 송파둘레길 입구,5
04882, 위례포레샤인18단지 1802동,5
04883, 위례포레샤인18단지 1812동,10
04884, H비즈니스파크,16
04885, 가든파이브 리빙관,8
04886, 배명고등학교 건너편,6
04887, 호돌이상가,6
04888, 둔촌오륜역 2번출구,10
04889, 마천역 1번 출구 인근②,14
04891, 위례포레나송파,10
04892, 성내유수지 체육공원,18
04893, 문정법조단지12,6
04895, 위례포레샤인15단지 상가,6
04896, 위례포레샤인15단지,10
04897, 잠실주공5단지1,15
04901,KT&G타워 옆(상상마당 대치아트홀),6
04902, 구역삼세무서 교차로,6
04903, 신사스퀘어,6
04905, 강남경찰서,10
04906, 섬유센터 앞,10
04907, 극동스포츠 앞,5
04908, SB타워 앞,5
04909, 노보텔 앰배서더 앞,6
04913, 레베쌍트 빌딩 앞,7
04914, 도심공항타워 앞,6
04915, 영동중앙교회 버스정류장,6
04916, 청담역 1번출구,5
04917,일원에코파크 주차장,5
04918,매봉역 1번출구,5
04919,학여울역사거리(은마아파트),6
04923,수협대치동지점,9
04924,논현동가구거리,8
04925,청담백영빌딩 앞,7
04926,대치우성아파트 사거리,10
04928,교수마을 입구,10
04929,파스쿠찌 청담사거리점 앞,6
04930,학여울역 1번 출구,10
04931,디에이치퍼스티어아이파크 124동 앞,8
04932,개포래미안포레스트 130동 맞은편,10
04935,도곡삼성래미안,8
04936,SK텔레콤(T1) 인근,8
04937,개포래미안포레스트126동 앞,5
04938,LH수서2단지 201동 앞,10
04939,도산공원,5
04940,한강버스 압구정 선착장,30
04941,압구정로 11길,10
04942,율현삼거리,10
04951, 강동농협 버스정류소 앞(광채빌라),5
04952,천호시장 버스정류소 옆,5
04953,세양청마루 아파트 앞,10
04954,신명초등학교 건너편,15
04956,암사역사공원역 1번출구,5
04957,신명초교 교차로,10
04958,고덕래미안힐스테이트 아파트 211동,10
04959,암사역사공원역 3번출구,10
04960,고덕비즈밸리 지식산업센터 A,15
04962,고덕비즈밸리 디엠스퀘어 앞(재요청),10
04964,암사역사공원역1번출구 A,10
04965,고덕비즈밸리 쿠쿠강동빌딩,15
04968,강동구 자원순환센터,10
05052, 마곡역 7번출구,25
05053, 신마곡벽산블루밍메트로오피스텔앞,25
05055, 마곡역5번출구앞,7
05057, 마곡역4번출구,14
05059, 화곡2동주민센터,7
05061, 우장산동 가곡어린이공원앞,10
05064, 양천향교역8번출구,15
05065, 허준박물관삼거리,10
05066, 아망떼마곡전시장,25
05067, 주원 리젠트 앞,8
05070, 마곡13단지힐스테이트마스터 후문(1320동 앞),15
05072, 김포공항입구 교통섬,10
05073, 우장산역 헤링턴타워 앞,6
05074," 마곡엠밸리14단지 버스정류장(마곡엠밸리11,12단지상가방면)",10
05075, 등촌역 1번출구,10
05076, 메이필드호텔앞,16
05078, 왈도강서캠퍼스 앞,10
05080, 가양역 1번출구,10
05082, 가양역 7번출구,9
05084, 강서우체국,10
05086, 가양테크노타운,8
05087, 연세강서빌딩,8
05088, 등촌역 센터스퀘어,16
05089, LG사이언스파크 E10동,40
05090, 대상연구소,10
05091, 보타닉파크타워2,8
05095,원당근린공원,9
05096,LG사이언스파크 E14동,57
05097,LG사이언스파크 E2동,40
05098,LG사이언스파크 W4동,20
05099,LG사이언스파크 E7동,40
05100,강서도로사업소,2
05151,진넥스베르디엠 앞,5
05152,이스트폴 105동방면입구,9
05153,한강버스 뚝섬 선착장,30
05154,광진구청 앞,10
05155,광진경찰서 앞,5
05301, 상계주공1단지 버스정류장 옆(대원빌딩 앞),4
05305, 대륜E&S 서울지사 앞,10
05308, 상계신동아아파트,5
05309, 월계 롯데캐슬아파트 뒤,5
05310, 목련아파트,9
05311, 주공601동 상가 노원지하보도 앞,5
05313, 중계주공2단지 앞,5
05314, 월계1동주민센터 앞,6
05315, 당고개역 앞,5
05317,공릉동 신도1차 아파트 뒤,5
05318, 극동의 푸른별 아파트 뒤(중계4동주민센터 앞),10
05319,연해피빌 앞,10
05320,한국스포츠정책과학원 앞,18
05321,불암아파트 앞,5
05322,노원성당 앞,5
05323,하계역 4번출구 앞,13
05325,상계주공7단지 아파트 앞,10
05326,대진고교앞 교차로,10
05327,태릉선수촌 앞,10
05328,롯데캐슬시그니처 아파트 앞,10
05329,상계주공15단지 1509동 앞,10
05330,구립수락노인복지관,15
05331,공릉동 풍림아파트 112동 앞,5
05332,마들역 4번 출구,11
05333,노원역 9번-10번 출구 앞,10
05334,화랑대역 3번 출구,8
05335,하계역 1번 출구,13
05336,월계 고등학교 앞,10
05337,태강릉 앞,15
05338,상계초교 입구 교차로,6
05339,은빛1단지 아파트 앞,10
05341,공릉동효성아파트 앞,10
05342,상계공원 입구,8
05503, 마포아트센터 앞,5
05504,아현교회,7
05506,월드컵참누리아파트,10
05507,아현래미안푸르지오아파트 104동 앞,10
05508,성산유수지공원,8
05509,신석초교 앞,9
05513,마포음식문화거리,10
05514,공덕역 1번출구,10
05515,한강버스 망원 선착장,30
05601,감정평가사 회관 앞,10
05602,레미안 신반포 리오센트 후문,5
05651,한강버스 옥수 선착장,20
05751, 송파여성축구장,10
05752, 풍납백제문화공원 옆 인근,6
05753, 호반써밋,9
05756, 극동아파트,10
05758, 올림픽선수기자촌아파트 123동 근처,10
05759, 풍납근린공원,6
05760, 풍납사거리 성내유수지,8
05761, 버섯분수대,10
05763, 세륜초등학교 건너편,10
05764, 한국체육대학교,8
05765, 삼전동주민센터 건너편,12
05766,북위례1,15
05767,북위례2,15
05768,방이삼거리,12
05773,송파시그니처롯데캐슬,12
05774,가락본동주민센터 인근,10
05775,가락시장역 5번출구,10
05777,호반써밋12단지,11
05778,북위례3,15
05779,나래교,8
05780,송파세무서,10
05781,올림픽공원 수영장,14
05782,오금현대아파트 상가입구 앞,5
05783,성내5교 2,7
05784,한강버스 잠실 선착장,30
05785,한림연예 예술고등학교,20
05851, 도림천 건널목 위,15
05852, 대림동현대2차 201동 앞,7
05853, 여의도역2번출구 앞,10
05854, 신한금융투자 앞,26
05855, 하이투자증권 앞,31
05857, U레지던스 앞,15
05858, 영등포역5번출구,10
05859, 여의도 삼부아파트,10
05860,어울림병원 앞,10
05861,보라주유소 앞,10
05862,당산역11번출구,14
05864,장훈고 앞,8
05865,더리브오피스텔 앞,10
05866,포레나 당산,8
05867,H타워 앞,10
05868,로프트시티오피스텔,6
05869,영등포아트홀 앞,10
05870,LG트윈타워 앞,10
05871,건영상가 앞,13
05872,서경팰리스 앞,7
05876,에이스하이테크시티 4동 앞,10
05877,문래동 꽃밭정원,10
05878,우리은행 앞,20
05879,국회도서관 2문 앞,8
05880,국회박물관,7
05881,세계청소년NGO교육문화원,7
05882,휴젠느,7
05883,영문초사거리,8
05884,GS강서타워,8
05885,신정교하부,10
05886,신풍역 2번출구,10
05887,나루마을 마당공원,12
05888,여의도성당,7
05889,의원회관 출입구 앞,10
05890,여의나루역 3번출구,11
05891,한강버스 여의도 선착장,30
05892,국회의사당 본관 좌측,7
05893,한국산업은행,10
05894,영등포세무서,10
05895,생각공장 당산,15
05896,영드포구청역 6번출구,7
06053, 중부세무서 앞,5
06054,청구e편한세상아파트 113동 앞,5
06055,한국경제,8
06057,을지로5가(방산시장),6
06058,서울도시건축전시관 옆,10
06059,덕수중학교,8
06060,신한은행 본점,8
06061,충무아트센터,10
06062,서울역 파출소,10
06063,NH농협은행(신당역 6번출구),6
06171,월드빌딩 앞,12
06172,가양5단지아파트,10
06173,서울자동차운전전문학원,10
06176,유광사 여성병원 앞,7
06177,마곡롯데캐슬르웨스트,10
06178,마스터밸류에이스 지식산업센터,10
06180,양천향교역 3번출구(1),9
06182,오스템임플란트 비전타워,10
06183,K스퀘어 마곡,10
06184,한강버스 마곡 선착장,32
06185,가양나들목,8
06187,마곡 119 안전센터 맞은편,12
06188,금호아파트,10
06189,데시앙 플렉스 지식산업센터,11
06190,마곡광장(마곡나루역 5번출구),10